Roll,Pitch,Yaw,AccX,AccY,AccZ,GyroX,GyroY,GyroZ
71.4364013671875,37.48893737792969,80.31211853027344,-4.635846138000488,6.8538336753845215,2.399176597595215,0.10101557523012161,-0.2728061079978943,0.15841449797153473
71.32189178466797,37.59750747680664,80.1107177734375,-4.559239864349365,6.427937030792236,2.519421100616455,0.04753490909934044,-0.26854661107063293,-0.02230890840291977
71.30852508544922,37.73837661743164,79.94249725341797,-4.3784661293029785,6.359511375427246,2.6833698749542236,0.06657969951629639,-0.21143485605716705,-0.08488224446773529
71.2984390258789,38.075199127197266,79.64643096923828,-4.378210544586182,6.169273853302002,2.9927659034729004,0.13545255362987518,-0.20230868458747864,-0.2415602207183838
71.35053253173828,38.62572479248047,79.36318969726562,-3.960364580154419,5.936474800109863,2.868783473968506,0.22998113930225372,-0.21083050966262817,-0.5276536345481873
71.65768432617188,39.20543670654297,79.3519058227539,-3.5509958267211914,5.874275207519531,2.7725675106048584,0.30260053277015686,-0.05495115742087364,-0.7453169822692871
72.2200927734375,39.703125,79.56656646728516,-3.204972743988037,5.673487186431885,2.6884102821350098,0.47711843252182007,0.14664466679096222,-0.7431985139846802
72.77940368652344,40.319210052490234,79.80950927734375,-3.335202932357788,4.997536659240723,2.828059673309326,0.5712468028068542,0.335593581199646,-0.7347770929336548
73.28887939453125,41.21757888793945,79.84761047363281,-4.127369403839111,4.3050947189331055,3.4513988494873047,0.6121283173561096,0.43782496452331543,-0.9328492283821106
73.83611297607422,42.407962799072266,79.60791015625,-4.272826194763184,3.7777528762817383,3.6997902393341064,0.8052951693534851,0.4004789888858795,-1.2841274738311768
74.42147064208984,43.87318801879883,79.15790557861328,-4.388639450073242,3.151444435119629,3.7807869911193848,1.037493348121643,0.32205450534820557,-1.7299288511276245
75.13680267333984,45.477867126464844,78.5910415649414,-4.704738616943359,3.04710054397583,3.3942620754241943,1.3217105865478516,0.22305573523044586,-2.171945333480835
75.98136138916016,47.0980339050293,78.06548309326172,-5.307788372039795,3.194683313369751,2.7878787517547607,1.6546540260314941,0.15043066442012787,-2.4469337463378906
76.98661804199219,48.65101623535156,77.7048110961914,-6.031558036804199,3.4066314697265625,2.6049230098724365,1.8009569644927979,0.15219515562057495,-2.622606039047241
78.36070251464844,50.02846908569336,77.54887390136719,-6.248156547546387,3.2497503757476807,2.0379092693328857,2.075763463973999,0.2160702645778656,-2.55627179145813
79.84856414794922,51.446144104003906,77.46463775634766,-6.584602355957031,3.127434730529785,1.81692636013031,2.3349318504333496,0.2556932866573334,-2.448291063308716
81.30458068847656,53.101287841796875,77.44478607177734,-8.045384407043457,3.3652641773223877,1.897507905960083,2.455376625061035,0.315331369638443,-2.551335334777832
82.78614044189453,54.78688049316406,77.56364440917969,-8.599638938903809,3.6813597679138184,1.4807788133621216,2.4511406421661377,0.3883112370967865,-2.744596481323242
84.4202880859375,56.278865814208984,77.94261932373047,-8.206096649169922,4.281006813049316,0.44424623250961304,2.4245758056640625,0.46221038699150085,-2.6962790489196777
86.083251953125,57.658748626708984,78.53922271728516,-8.841492652893066,5.289881229400635,-0.3816150426864624,2.337404251098633,0.5851178765296936,-2.5864884853363037
87.65977478027344,58.84682083129883,79.20500183105469,-10.098565101623535,6.594677448272705,-0.852836549282074,2.1232669353485107,0.6395828723907471,-2.45196795463562
89.14422607421875,59.672611236572266,79.81343841552734,-11.202735900878906,7.85616397857666,-1.666562795639038,1.980366587638855,0.6717032790184021,-2.162442207336426
90.30699157714844,60.081520080566406,80.17569732666016,-12.268885612487793,8.560863494873047,-2.260075807571411,1.8245729207992554,0.5430619716644287,-1.7077716588974
91.08150482177734,60.24530792236328,80.3272705078125,-12.681497573852539,9.065255165100098,-2.4709343910217285,1.6373106241226196,0.4353557229042053,-1.1656112670898438
91.29988098144531,60.3687858581543,80.12653350830078,-13.63361930847168,8.884186744689941,-2.3072426319122314,1.3095417022705078,0.2199353724718094,-0.8275134563446045
91.08841705322266,60.386104583740234,79.64347076416016,-13.907313346862793,9.195318222045898,-2.598464250564575,1.0091102123260498,0.0305965393781662,-0.5504307150840759
90.47345733642578,60.236141204833984,78.89152526855469,-13.658831596374512,9.336158752441406,-2.901392698287964,0.6601034998893738,-0.23392421007156372,-0.29872170090675354
89.73631286621094,59.82571792602539,78.12752532958984,-13.208873748779297,9.624753952026367,-3.301485300064087,0.41112974286079407,-0.3875771164894104,0.017249420285224915
88.76324462890625,59.264583587646484,77.41150665283203,-12.365657806396484,8.918623924255371,-3.347618579864502,0.11310356855392456,-0.5184984803199768,0.4016602039337158
87.7261734008789,58.7884635925293,76.89881896972656,-11.865743637084961,8.323845863342285,-3.0256927013397217,-0.32805678248405457,-0.5231340527534485,0.58649742603302
86.53955078125,58.24507522583008,76.24260711669922,-11.577226638793945,9.150336265563965,-3.2158639430999756,-0.6058344841003418,-0.49049386382102966,0.6300252676010132
85.09539031982422,57.35512924194336,75.4956283569336,-10.904365539550781,9.19197940826416,-3.403270721435547,-0.8197504878044128,-0.6868603229522705,0.8729674816131592
83.79475402832031,56.21043395996094,75.33332824707031,-10.79458999633789,7.80361270904541,-3.1729538440704346,-1.2049473524093628,-0.6163861751556396,1.2584539651870728
82.4464340209961,55.06544876098633,75.3204345703125,-11.016119003295898,7.740057468414307,-2.72322678565979,-1.6564030647277832,-0.4255484342575073,1.583974003791809
80.8886489868164,53.92616653442383,75.12847137451172,-10.909244537353516,8.249669075012207,-2.2418832778930664,-1.8948607444763184,-0.4532981812953949,1.648587942123413
79.2781982421875,52.58937072753906,75.02767181396484,-10.200141906738281,8.18048095703125,-2.0902493000030518,-2.2102484703063965,-0.46632853150367737,1.8753770589828491
77.72223663330078,51.30313491821289,74.94961547851562,-9.549059867858887,7.697186470031738,-1.7452189922332764,-2.35920786857605,-0.5023852586746216,2.0526812076568604
76.04998779296875,50.218990325927734,74.70242309570312,-8.879889488220215,6.687466144561768,-1.0218393802642822,-2.4631612300872803,-0.49960681796073914,2.0077285766601562
74.17951965332031,49.18293762207031,74.11947631835938,-8.617453575134277,6.910832405090332,-0.6233500838279724,-2.484281301498413,-0.7122355699539185,1.8260740041732788
72.47382354736328,47.962764739990234,73.62483978271484,-7.7833333015441895,6.831888198852539,-0.46764034032821655,-2.4615395069122314,-0.9061833620071411,1.7716999053955078
71.06014251708984,46.5712890625,73.42652893066406,-6.7915825843811035,5.809515476226807,-0.24973547458648682,-2.349104404449463,-0.9746199250221252,1.941788911819458
69.71541595458984,45.20969772338867,73.34257507324219,-6.366725921630859,5.683016777038574,0.1867414265871048,-2.3309695720672607,-0.9101672768592834,2.070338249206543
68.34464263916016,43.939910888671875,73.16222381591797,-6.613882541656494,5.232091426849365,0.7678923010826111,-2.2702348232269287,-0.9591524600982666,2.0750133991241455
67.0372085571289,42.780216217041016,73.01611328125,-6.465806007385254,4.530195236206055,1.4668973684310913,-2.2361600399017334,-0.9584749937057495,1.98974609375
65.8832778930664,41.71098327636719,72.94039916992188,-5.796454906463623,3.926811456680298,2.0893499851226807,-2.145530939102173,-0.9502274990081787,1.8901320695877075
64.82412719726562,40.8029670715332,72.88036346435547,-4.843149185180664,2.7399606704711914,2.801307201385498,-2.020585775375366,-0.8510467410087585,1.7751080989837646
63.78599548339844,40.0548210144043,72.6819839477539,-5.1068525314331055,3.4280381202697754,3.3706512451171875,-1.9123129844665527,-0.8383585810661316,1.5234930515289307
62.884925842285156,39.41997528076172,72.48717498779297,-4.269495487213135,3.4493484497070312,3.7454657554626465,-1.6981496810913086,-0.8287435173988342,1.3181577920913696
61.939762115478516,39.064422607421875,72.30535888671875,-3.6791834831237793,2.4238831996917725,4.313482284545898,-1.5724670886993408,-0.7481017708778381,1.084240198135376
61.11962890625,39.01521682739258,72.14311981201172,-4.544650077819824,3.3477022647857666,5.20463228225708,-1.5785428285598755,-0.5965043902397156,0.6724731922149658
60.4560546875,39.0885009765625,71.96009063720703,-3.225400686264038,2.396617889404297,5.020089626312256,-1.249629259109497,-0.40379664301872253,0.38083356618881226
59.73769760131836,39.21858215332031,71.7618637084961,-3.47214674949646,2.161323070526123,5.794382572174072,-1.2893849611282349,-0.3576774001121521,0.05980569124221802
59.379493713378906,39.51816177368164,71.6832275390625,-2.829239845275879,2.0885636806488037,6.227665424346924,-0.9976690411567688,-0.17869102954864502,-0.00780488969758153
59.05619812011719,40.19760513305664,71.4153823852539,-2.618337631225586,2.3731045722961426,6.569895267486572,-0.8324922919273376,-0.012739795260131359,-0.4365617036819458
58.98564529418945,40.99948501586914,70.97602844238281,-1.163585901260376,2.6621267795562744,6.531413555145264,-0.4306052029132843,0.11944346129894257,-0.7734470963478088
59.065818786621094,41.87052917480469,70.19593811035156,-1.9341528415679932,3.1745493412017822,6.575883865356445,-0.025638343766331673,0.07437530159950256,-1.1624085903167725
59.367122650146484,42.75090408325195,69.20568084716797,-2.7527308464050293,2.5770366191864014,6.413607120513916,0.6344154477119446,-0.062102340161800385,-1.4386624097824097
59.497703552246094,43.914710998535156,68.09012603759766,-3.8055460453033447,1.1426953077316284,6.84903621673584,1.0265328884124756,-0.1965256929397583,-1.697231411933899
59.493072509765625,45.52564239501953,66.8219985961914,-4.112471580505371,0.8929741382598877,6.742173194885254,1.1693211793899536,-0.06615802645683289,-2.2106683254241943
59.5487174987793,47.22047805786133,65.33241271972656,-4.899674415588379,1.0055798292160034,6.317728042602539,1.4151172637939453,-0.0568203441798687,-2.702244997024536
59.99058532714844,48.782432556152344,64.16986083984375,-6.190042018890381,0.8527962565422058,5.6898980140686035,1.7366573810577393,-0.05810324475169182,-2.964858055114746
61.0108642578125,50.15327453613281,63.77277374267578,-6.164486885070801,1.309103012084961,4.7704572677612305,1.9601013660430908,0.1877795159816742,-2.773630380630493
62.415199279785156,51.46975326538086,63.79951477050781,-6.006216526031494,2.1343579292297363,3.9952144622802734,2.101213216781616,0.5179810523986816,-2.483304738998413
64.12957000732422,52.79564666748047,64.00665283203125,-6.000412464141846,2.701915979385376,3.306735038757324,2.2958765029907227,0.763380229473114,-2.2831766605377197
66.04998016357422,54.1862907409668,64.3593521118164,-6.321920394897461,3.0130715370178223,2.8467676639556885,2.528891086578369,0.9735503792762756,-2.1546778678894043
67.87527465820312,55.701385498046875,64.66324615478516,-6.831637859344482,3.243570327758789,2.5015275478363037,2.6378607749938965,1.1259417533874512,-2.165334939956665
69.52070617675781,57.35301208496094,64.81645202636719,-7.475616931915283,3.664031982421875,1.9678009748458862,2.650803804397583,1.1569194793701172,-2.2939116954803467
71.10557556152344,59.14006805419922,64.94951629638672,-8.900989532470703,3.8357279300689697,1.1329922676086426,2.6355457305908203,1.158110499382019,-2.498347043991089
72.70616149902344,60.841392517089844,65.25567626953125,-10.751391410827637,4.651145935058594,0.5062029957771301,2.579651117324829,1.1744792461395264,-2.6867129802703857
74.34037780761719,62.1244010925293,65.9087905883789,-11.425837516784668,5.586261749267578,-0.4986191987991333,2.3827645778656006,1.170920729637146,-2.544759750366211
75.82638549804688,62.9799919128418,66.74185180664062,-12.05773639678955,7.523359298706055,-1.5270963907241821,2.0497522354125977,1.1624339818954468,-2.125704765319824
76.97876739501953,63.517154693603516,67.46540069580078,-12.769405364990234,8.426287651062012,-2.034986972808838,1.644404411315918,1.0360196828842163,-1.6774860620498657
77.82344818115234,63.73112487792969,68.02582550048828,-13.358161926269531,9.193578720092773,-2.2319090366363525,1.2927385568618774,0.8958311080932617,-1.2171272039413452
78.25688171386719,63.621463775634766,68.28655242919922,-13.530386924743652,9.172323226928711,-2.261066198348999,0.9531118273735046,0.6393397450447083,-0.7234777212142944
78.34211730957031,63.327781677246094,68.30833435058594,-13.668335914611816,9.017027854919434,-2.316606044769287,0.6900098919868469,0.40588629245758057,-0.26152363419532776
77.97793579101562,62.987152099609375,68.03267669677734,-13.72053337097168,9.042880058288574,-2.405543804168701,0.379434734582901,0.13705968856811523,0.04568830132484436
77.48262023925781,62.477203369140625,67.77618408203125,-12.98263931274414,8.803832054138184,-2.464779853820801,0.10464661568403244,-0.0733487457036972,0.23190443217754364
77.0765380859375,61.615901947021484,67.81385040283203,-12.000293731689453,7.982243061065674,-2.4323415756225586,-0.19119048118591309,-0.18681737780570984,0.6418154835700989
76.66093444824219,60.675384521484375,67.96858978271484,-11.694524765014648,7.716740131378174,-2.401521921157837,-0.4711655378341675,-0.19601105153560638,1.0650553703308105
76.02825164794922,59.86530303955078,68.01136016845703,-11.80873966217041,7.5643205642700195,-2.0719361305236816,-0.6839234828948975,-0.24529676139354706,1.2060195207595825
75.23492431640625,59.05323028564453,68.16578674316406,-11.700525283813477,7.624069690704346,-1.8474284410476685,-0.9562779664993286,-0.2587919533252716,1.243192434310913
74.39966583251953,58.14763641357422,68.54808807373047,-10.971336364746094,7.388898849487305,-1.9664506912231445,-1.3448024988174438,-0.21934108436107635,1.3704540729522705
73.52936553955078,57.07140350341797,69.03900909423828,-10.517391204833984,8.051774978637695,-2.1231563091278076,-1.6410775184631348,-0.13312749564647675,1.4879603385925293
72.53040313720703,55.68525314331055,69.49628448486328,-10.176336288452148,8.4838228225708,-2.0420665740966797,-1.9499353170394897,-0.17757382988929749,1.811913013458252
71.48228454589844,54.1812629699707,69.86140441894531,-10.146889686584473,9.048286437988281,-1.8371578454971313,-2.0993144512176514,-0.24682047963142395,2.1203243732452393
70.1754379272461,52.67104721069336,69.99064636230469,-10.157110214233398,7.838894367218018,-1.3329991102218628,-2.2006006240844727,-0.39632123708724976,2.3038227558135986
68.67597198486328,51.240230560302734,69.97478485107422,-9.949544906616211,6.973765850067139,-0.7722547054290771,-2.356191635131836,-0.5955519080162048,2.356232166290283
67.15983581542969,49.848690032958984,69.87992095947266,-9.7237548828125,5.847917556762695,-0.15691199898719788,-2.432328939437866,-0.7092171907424927,2.286992073059082
65.64163208007812,48.33797836303711,69.66921997070312,-9.008246421813965,5.5236687660217285,0.2930094599723816,-2.437958002090454,-0.9134736061096191,2.2846343517303467
64.20685577392578,46.771121978759766,69.49736785888672,-8.334420204162598,5.826930522918701,0.3140123188495636,-2.359222888946533,-1.0819807052612305,2.3322842121124268
62.84041976928711,45.27284622192383,69.45162200927734,-7.498963832855225,5.342988967895508,0.7863454818725586,-2.3573479652404785,-1.1773937940597534,2.3539199829101562
61.613887786865234,43.955196380615234,69.58541107177734,-6.510744094848633,4.245154857635498,1.4980480670928955,-2.328643321990967,-1.1278239488601685,2.2997701168060303
60.44478988647461,42.836666107177734,69.79328155517578,-5.618990421295166,3.488614797592163,2.267735004425049,-2.3382208347320557,-0.9836063385009766,2.1658260822296143
59.32466125488281,41.8354377746582,69.8502426147461,-5.193985462188721,3.2417192459106445,2.829357385635376,-2.2877883911132812,-0.8735142946243286,1.9638549089431763
58.332855224609375,40.955055236816406,69.80743408203125,-4.956550121307373,2.9924678802490234,3.8361458778381348,-2.077132225036621,-0.937915027141571,1.747852087020874
57.605133056640625,40.350215911865234,69.90013122558594,-4.730890274047852,2.0609054565429688,4.92395544052124,-1.8900690078735352,-0.7881045937538147,1.5097025632858276
56.941490173339844,40.01185607910156,69.90601348876953,-4.263692855834961,1.311444878578186,5.316192626953125,-1.5670548677444458,-0.61571204662323,1.1975005865097046
56.163509368896484,39.88499450683594,69.82584381103516,-3.7786002159118652,0.950821042060852,6.102798938751221,-1.4914332628250122,-0.49403396248817444,0.814000129699707
55.637908935546875,39.92938232421875,69.83133697509766,-3.1356406211853027,1.1568706035614014,6.529193878173828,-1.344864010810852,-0.3492639660835266,0.5086682438850403
55.4005241394043,40.177947998046875,69.98445129394531,-2.3772873878479004,1.182054042816162,6.666740894317627,-1.071890950202942,-0.10751837491989136,0.24491018056869507
55.27131652832031,40.58369445800781,70.09669494628906,-2.383434772491455,1.5791373252868652,6.950806140899658,-0.8614771366119385,0.16260965168476105,0.01961539313197136
55.160804748535156,41.118682861328125,69.89553833007812,-2.816779613494873,2.1845004558563232,7.093330383300781,-0.5641040205955505,0.24618612229824066,-0.2751888036727905
54.97647476196289,41.76289749145508,69.37161254882812,-3.156325578689575,2.823056936264038,7.09617805480957,-0.2613721489906311,0.22065313160419464,-0.6238354444503784
54.70307540893555,42.432735443115234,68.5378646850586,-3.6471121311187744,3.8443868160247803,6.74580192565918,-0.020190035924315453,0.09639431536197662,-0.9650198221206665
54.50270462036133,43.071739196777344,67.60757446289062,-4.433811664581299,3.8655765056610107,6.413569927215576,0.2557509243488312,-0.09513485431671143,-1.2353450059890747
54.505271911621094,43.693702697753906,66.82752227783203,-4.7339091300964355,3.550093173980713,6.104597568511963,0.47425562143325806,-0.14484795928001404,-1.3287614583969116
54.646240234375,44.37353515625,65.98368072509766,-4.554762840270996,2.5281639099121094,6.161250591278076,0.7224124073982239,-0.13543763756752014,-1.3636258840560913
54.84470748901367,45.21463394165039,64.84346771240234,-4.855079174041748,1.8637573719024658,6.767967224121094,1.024724006652832,-0.19569046795368195,-1.5435971021652222
55.117069244384766,46.28477096557617,63.4560661315918,-4.990306377410889,1.1892625093460083,6.862863063812256,1.448066234588623,-0.2558320462703705,-1.8325397968292236
55.3308219909668,47.67961120605469,61.93293380737305,-5.104896068572998,0.40318015217781067,6.69879150390625,1.789018154144287,-0.2633422613143921,-2.2080624103546143
55.56260681152344,49.36185073852539,60.47805404663086,-5.8675689697265625,-0.26747408509254456,6.359801292419434,1.9804834127426147,-0.09911663830280304,-2.655081033706665
56.06002426147461,51.04119873046875,59.33963394165039,-6.959643840789795,-0.11554600298404694,5.5918803215026855,2.1277737617492676,0.12096434086561203,-2.915498971939087
57.13979721069336,52.55799102783203,58.84901428222656,-7.397914886474609,1.1543270349502563,4.350295066833496,2.2618963718414307,0.3760368227958679,-2.8662755489349365
59.05026626586914,53.81325912475586,59.25193786621094,-6.532909870147705,2.1408638954162598,3.010608434677124,2.4404726028442383,0.7496461868286133,-2.535797357559204
61.585670471191406,54.7667350769043,60.28323745727539,-6.331992149353027,3.1916778087615967,2.3291430473327637,2.6185550689697266,1.1168698072433472,-1.9469118118286133
64.07516479492188,55.799617767333984,61.28065490722656,-6.939641952514648,3.5844976902008057,2.052111864089966,2.81487774848938,1.3315691947937012,-1.4931633472442627
66.05780792236328,57.14657211303711,61.90677261352539,-8.080728530883789,4.078772068023682,1.8692396879196167,2.738386869430542,1.4587340354919434,-1.5924631357192993
67.76979064941406,58.45724105834961,62.2640380859375,-9.04603385925293,4.800109386444092,1.2417420148849487,2.627826690673828,1.418494701385498,-1.7646366357803345
69.34407043457031,59.612247467041016,62.489803314208984,-9.928105354309082,5.070903301239014,0.665727972984314,2.5650546550750732,1.2549257278442383,-1.796730399131775
70.6902847290039,60.70830535888672,62.68114471435547,-10.896981239318848,5.816183090209961,0.12518927454948425,2.4659371376037598,1.0920227766036987,-1.772497296333313
71.80280303955078,61.8419189453125,62.949378967285156,-11.382210731506348,6.3021392822265625,-0.4103553593158722,2.1535120010375977,0.974025547504425,-1.7663402557373047
72.88909912109375,62.85313034057617,63.29923629760742,-11.969141006469727,7.145938873291016,-1.079754114151001,1.838632583618164,0.9767696857452393,-1.8017750978469849
73.88399505615234,63.38702392578125,63.620018005371094,-12.278541564941406,8.003204345703125,-1.6273627281188965,1.6682708263397217,0.8133561015129089,-1.5501258373260498
74.74726867675781,63.59316635131836,64.07999420166016,-11.98750114440918,7.9237236976623535,-1.8870044946670532,1.405951738357544,0.6671283841133118,-1.070618987083435
75.30595397949219,63.723487854003906,64.39229583740234,-12.146626472473145,7.867091178894043,-1.8168302774429321,1.053444743156433,0.5784478187561035,-0.7254934906959534
75.57862091064453,63.84208679199219,64.41959381103516,-11.608380317687988,7.182121276855469,-1.6044312715530396,0.8412647247314453,0.3757745623588562,-0.4968006908893585
75.70736694335938,64.00421905517578,64.43392181396484,-11.762008666992188,6.859923839569092,-1.7750144004821777,0.6448794603347778,0.26977792382240295,-0.42212945222854614
75.64261627197266,64.02054595947266,64.37355041503906,-11.79926872253418,6.9944658279418945,-1.840957760810852,0.39814862608909607,0.18344712257385254,-0.3432583808898926
75.45592498779297,63.82813262939453,64.27140045166016,-11.581026077270508,7.083451747894287,-1.974241852760315,0.22828568518161774,0.04491714388132095,-0.1148604229092598
75.2638931274414,63.53200149536133,64.34937286376953,-11.391545295715332,7.0619964599609375,-1.8504014015197754,0.0044284388422966,-0.026760250329971313,0.07957091182470322
75.13809967041016,63.05370330810547,64.66720581054688,-10.859055519104004,7.190453052520752,-1.9675267934799194,-0.23257671296596527,-0.006461147218942642,0.3233802020549774
74.87993621826172,62.43170166015625,65.04237365722656,-10.471728324890137,7.194092750549316,-1.973202109336853,-0.47740238904953003,0.0010931893484666944,0.6290614008903503
74.51651763916016,61.74958419799805,65.43531036376953,-10.539395332336426,7.108559608459473,-1.5669479370117188,-0.786763608455658,-0.005088401027023792,0.8223655819892883
74.07125091552734,60.85469055175781,65.69119262695312,-11.343483924865723,7.235871315002441,-1.3844547271728516,-0.9295654892921448,-0.007481561508029699,1.0414209365844727
73.2831802368164,59.78753662109375,65.6383285522461,-11.677342414855957,6.99082612991333,-0.7630228996276855,-1.024683952331543,-0.2203613966703415,1.3437631130218506
72.21939849853516,58.874385833740234,65.49516296386719,-11.87509536743164,6.476444244384766,-0.576983630657196,-1.194128394126892,-0.3582764267921448,1.4775197505950928
70.8462142944336,58.060035705566406,65.18751525878906,-11.840167999267578,7.204509735107422,-0.3031100034713745,-1.467809796333313,-0.46571075916290283,1.353944182395935
69.51880645751953,57.033905029296875,65.03573608398438,-10.47802734375,7.081666469573975,-0.30240723490715027,-1.6598807573318481,-0.6283666491508484,1.384047031402588
68.38125610351562,55.77376937866211,65.20388793945312,-9.852578163146973,7.342621803283691,-0.29230955243110657,-1.8953922986984253,-0.5910166501998901,1.6106442213058472
67.24169921875,54.39694595336914,65.29375457763672,-9.110236167907715,7.178138256072998,-0.16592977941036224,-1.9968184232711792,-0.6832093000411987,1.8805601596832275
66.12544250488281,53.005794525146484,65.4275131225586,-8.946216583251953,6.579767227172852,0.09012965112924576,-2.01460599899292,-0.7339255213737488,1.991819143295288
65.02835083007812,51.47903060913086,65.70087432861328,-9.314253807067871,6.065103530883789,0.537553608417511,-2.1166343688964844,-0.788367748260498,2.1751811504364014
63.98573303222656,49.9805793762207,66.09074401855469,-8.665862083435059,5.318902969360352,0.7802252769470215,-2.189192295074463,-0.7867217659950256,2.3646621704101562
62.869140625,48.61444854736328,66.35726928710938,-8.278636932373047,4.810074329376221,1.2208986282348633,-2.2760746479034424,-0.7419744729995728,2.355774402618408
61.70771408081055,47.28684997558594,66.34186553955078,-7.682106018066406,4.401413917541504,1.8498167991638184,-2.2163538932800293,-0.8526274561882019,2.2740612030029297
60.56526184082031,46.06114196777344,66.18053436279297,-7.516599655151367,4.0605974197387695,2.3530964851379395,-2.060424327850342,-0.9919521808624268,2.1310861110687256
59.54023361206055,44.94143295288086,66.10839080810547,-7.039210796356201,4.0735063552856445,2.635394811630249,-1.9366320371627808,-1.06990385055542,1.9328733682632446
58.617244720458984,43.948448181152344,66.20589447021484,-5.793959140777588,3.3980066776275635,2.7571606636047363,-1.8164926767349243,-0.9845631122589111,1.854060411453247
57.69758605957031,43.159725189208984,66.3145523071289,-5.8149261474609375,3.5814244747161865,3.3262033462524414,-1.8525294065475464,-0.8772608041763306,1.628663420677185
57.00046157836914,42.42378234863281,66.49424743652344,-5.179801940917969,3.586989641189575,3.8324265480041504,-1.700421690940857,-0.7328539490699768,1.4642043113708496
56.34904479980469,41.73143005371094,66.67315673828125,-4.598194122314453,2.972379207611084,4.425962448120117,-1.5846136808395386,-0.6513136625289917,1.3690866231918335
55.8474235534668,41.21568298339844,66.90157318115234,-4.858838081359863,2.855307102203369,5.038046836853027,-1.463715672492981,-0.5579512119293213,1.2328338623046875
55.449642181396484,40.97511291503906,67.12687683105469,-4.44240140914917,2.3792977333068848,5.406858921051025,-1.2618889808654785,-0.354570597410202,1.050466537475586
54.893768310546875,40.99626541137695,67.11697387695312,-3.8158767223358154,1.1772137880325317,6.0246663093566895,-1.1578419208526611,-0.20199203491210938,0.6946341395378113
54.35089874267578,41.15760803222656,66.90589904785156,-3.8553216457366943,1.772964358329773,6.742394924163818,-1.0636892318725586,-0.15446551144123077,0.31721067428588867
54.125274658203125,41.401161193847656,66.71058654785156,-3.278064727783203,2.1551246643066406,6.6173882484436035,-0.7986205816268921,-0.1231725886464119,-0.011261212639510632
54.16558837890625,41.8025016784668,66.59608459472656,-2.0020551681518555,1.7541924715042114,6.791360855102539,-0.4328835904598236,-0.0006582593778148293,-0.1638198047876358
54.1406364440918,42.50082778930664,66.07184600830078,-1.6728790998458862,2.1452531814575195,7.130178928375244,-0.1611286848783493,0.15886874496936798,-0.5017328262329102
54.080726623535156,43.299007415771484,64.90868377685547,-2.703536033630371,3.0143282413482666,6.980242729187012,0.3016877770423889,-0.004184267017990351,-1.046210527420044
54.14396667480469,44.07925033569336,63.59645080566406,-3.751164674758911,2.311466932296753,6.794702053070068,0.8137733936309814,-0.23591019213199615,-1.4552029371261597
54.29041290283203,44.989967346191406,62.357154846191406,-4.027796268463135,1.2822539806365967,6.671140193939209,1.1780805587768555,-0.3244372308254242,-1.6650214195251465
54.45729064941406,46.13602828979492,61.02735900878906,-4.191573143005371,0.9886910319328308,6.664504051208496,1.4093599319458008,-0.24468612670898438,-1.9793039560317993
54.778114318847656,47.37047576904297,59.61568832397461,-4.4471001625061035,0.6597398519515991,6.54516077041626,1.7248408794403076,-0.23928426206111908,-2.2526073455810547
55.319580078125,48.746360778808594,58.40869903564453,-5.183481693267822,0.3580300509929657,6.207806587219238,2.043562412261963,-0.14217577874660492,-2.456756353378296
56.090782165527344,50.19804382324219,57.5989990234375,-5.992168426513672,0.6849499344825745,5.642759323120117,2.2012741565704346,0.11460340023040771,-2.563265562057495
57.192752838134766,51.60755157470703,57.23720932006836,-5.901870250701904,1.253260850906372,4.68959379196167,2.2775323390960693,0.40721073746681213,-2.48995304107666
58.66590881347656,53.04032516479492,57.32831954956055,-5.699106693267822,2.1171107292175293,3.9209790229797363,2.3543522357940674,0.7192440032958984,-2.3304545879364014
60.40998458862305,54.531700134277344,57.743446350097656,-5.7912821769714355,2.636187791824341,3.2076592445373535,2.3872547149658203,1.0863207578659058,-2.209249258041382
62.16801452636719,56.02695846557617,58.168582916259766,-6.522145748138428,3.588620901107788,2.514475107192993,2.4468705654144287,1.3137233257293701,-2.1267244815826416
63.71444320678711,57.511356353759766,58.43147659301758,-7.485053539276123,4.3203582763671875,1.9829444885253906,2.412156820297241,1.3896647691726685,-2.154688835144043
65.23188018798828,58.8946533203125,58.70355224609375,-8.81892204284668,4.3425116539001465,1.5449070930480957,2.353524923324585,1.3282790184020996,-2.1564552783966064
66.82428741455078,60.176795959472656,59.12113952636719,-10.047117233276367,4.73868989944458,1.1685824394226074,2.3015410900115967,1.3289368152618408,-2.0665135383605957
68.23578643798828,61.337005615234375,59.42287063598633,-10.887750625610352,5.470066547393799,0.3769865334033966,2.20585298538208,1.2430516481399536,-1.9790973663330078
69.5708999633789,62.27580642700195,59.73326873779297,-11.505258560180664,6.252218723297119,-0.39514070749282837,2.0985054969787598,1.0962183475494385,-1.857749342918396
70.91781616210938,62.885860443115234,60.2608757019043,-11.837449073791504,6.772088050842285,-0.9520971179008484,1.9573752880096436,0.9725853800773621,-1.5576581954956055
72.09972381591797,63.22263717651367,60.86711502075195,-12.435308456420898,7.312263011932373,-1.280141830444336,1.6765707731246948,0.8735833168029785,-1.1568272113800049
73.00377655029297,63.36738967895508,61.32844161987305,-12.518468856811523,7.94271993637085,-1.6596280336380005,1.404981255531311,0.731093168258667,-0.8009427189826965
73.53175354003906,63.3482780456543,61.54266357421875,-12.775625228881836,8.201562881469727,-1.7993642091751099,1.1331785917282104,0.5551084876060486,-0.4850507378578186
73.51434326171875,63.25619888305664,61.34972381591797,-13.254989624023438,8.247818946838379,-1.7576426267623901,0.8613132238388062,0.3192099630832672,-0.233587384223938
73.1045913696289,63.1181755065918,60.892127990722656,-13.28464126586914,7.960814476013184,-1.6768975257873535,0.5434209108352661,0.03860915079712868,-0.13983120024204254
72.75544738769531,62.805763244628906,60.594749450683594,-12.27582836151123,7.663825035095215,-1.8907370567321777,0.3159794807434082,-0.13829700648784637,0.03339780122041702
72.4762954711914,62.32132339477539,60.52227783203125,-11.555276870727539,7.355295181274414,-1.9579007625579834,0.08147755265235901,-0.2148495316505432,0.2794657051563263
72.2762451171875,61.69472122192383,60.615943908691406,-11.06285572052002,7.030187606811523,-1.830078125,-0.13940206170082092,-0.23874644935131073,0.5443903207778931
72.09989166259766,61.000797271728516,60.825279235839844,-10.8294677734375,6.794355869293213,-1.6852697134017944,-0.27177688479423523,-0.24164211750030518,0.8014516830444336
71.85004425048828,60.265933990478516,61.146976470947266,-10.824986457824707,6.823189735412598,-1.425864338874817,-0.4951699376106262,-0.20749227702617645,0.9506610631942749
71.55428314208984,59.379512786865234,61.538719177246094,-11.040307998657227,6.955256462097168,-1.3145182132720947,-0.7010952830314636,-0.17856495082378387,1.155778408050537
71.05721282958984,58.34180450439453,61.871028900146484,-11.335249900817871,6.873868942260742,-1.0318316221237183,-0.9004871249198914,-0.1971568763256073,1.3717130422592163
70.29427337646484,57.17954635620117,62.06269836425781,-11.477752685546875,7.676657199859619,-0.8814873099327087,-1.1626302003860474,-0.2865692973136902,1.5964620113372803
69.38909912109375,55.90787887573242,62.216548919677734,-11.058182716369629,8.302599906921387,-0.9977661371231079,-1.34847092628479,-0.4242178499698639,1.7498383522033691
68.3844223022461,54.51469421386719,62.47624588012695,-10.593043327331543,8.0466947555542,-0.7262556552886963,-1.6117295026779175,-0.4987652599811554,1.984022855758667
67.22090911865234,53.151893615722656,62.71403121948242,-10.23148250579834,7.837414741516113,-0.4845420718193054,-1.8591523170471191,-0.5712595582008362,2.1273818016052246
65.93309783935547,51.81326675415039,62.95024871826172,-10.197855949401855,7.491588592529297,-0.17146897315979004,-2.1142494678497314,-0.6131041049957275,2.151297092437744
64.6561050415039,50.42525863647461,63.167789459228516,-9.28396987915039,6.372430801391602,0.3509882390499115,-2.3156001567840576,-0.6754430532455444,2.2179925441741943
63.45382308959961,49.042747497558594,63.25871276855469,-8.573249816894531,5.210402011871338,0.879462718963623,-2.3188724517822266,-0.7484210729598999,2.2335169315338135
62.22010040283203,47.65922164916992,63.10957717895508,-8.447465896606445,4.787752628326416,1.4816473722457886,-2.2111740112304688,-0.8987855315208435,2.2022995948791504
61.004615783691406,46.32608413696289,62.916717529296875,-8.08130168914795,4.206600189208984,1.9222278594970703,-2.057603597640991,-1.1113569736480713,2.109315872192383
60.01587677001953,45.077796936035156,63.05000305175781,-7.3227858543396,4.302964687347412,2.1137990951538086,-2.016608476638794,-1.101698875427246,2.043229341506958
59.31278991699219,43.8646240234375,63.478275299072266,-5.990067005157471,4.320251941680908,2.225700616836548,-1.931511402130127,-0.9495476484298706,2.0436007976531982
58.73733139038086,42.73320770263672,64.0667495727539,-4.620251655578613,3.0834105014801025,2.7216148376464844,-1.841570258140564,-0.7651350498199463,2.093036413192749
58.24356460571289,41.77001953125,64.66891479492188,-5.120573043823242,3.70939040184021,3.7081167697906494,-1.8066242933273315,-0.5614128112792969,2.0238571166992188
57.78932189941406,40.9326057434082,65.18978881835938,-4.995765686035156,3.3306195735931396,4.085483551025391,-1.6105015277862549,-0.4270261824131012,1.9031662940979004
57.21243667602539,40.23517608642578,65.65519714355469,-4.541595458984375,2.5369718074798584,4.611330509185791,-1.5932550430297852,-0.33309006690979004,1.7202140092849731
56.79087448120117,39.682456970214844,66.10814666748047,-4.9138689041137695,3.086156129837036,5.361040115356445,-1.5544636249542236,-0.23937709629535675,1.5393469333648682
56.40852355957031,39.38960647583008,66.36825561523438,-3.879725456237793,2.0056686401367188,5.716331481933594,-1.2840697765350342,-0.1212882325053215,1.3187910318374634
55.896888732910156,39.35385513305664,66.34732818603516,-3.937744379043579,1.4895923137664795,6.6428608894348145,-1.2286620140075684,-0.11213638633489609,0.8392775058746338
55.66771697998047,39.46676254272461,66.24394989013672,-3.5991077423095703,1.903151512145996,7.137308120727539,-0.9239813685417175,-0.08308219164609909,0.5173693895339966
55.58464050292969,39.77252960205078,66.02477264404297,-2.83624267578125,2.0402331352233887,6.931299686431885,-0.589160680770874,-0.04168755188584328,0.08251884579658508
55.61957550048828,40.22047424316406,65.74922180175781,-2.1263203620910645,2.5597920417785645,7.050893306732178,-0.2345801144838333,0.007498452439904213,-0.1701679527759552
55.55483627319336,40.98385238647461,65.13031768798828,-2.073530912399292,2.7968010902404785,6.921383857727051,0.017249053344130516,0.08068189024925232,-0.5991032719612122
55.491024017333984,41.892120361328125,64.17191314697266,-3.0895767211914062,3.012146234512329,6.841331481933594,0.3407900333404541,-0.004543017596006393,-1.1323169469833374
55.571449279785156,42.795867919921875,63.233673095703125,-4.101024627685547,2.347759485244751,6.4974045753479,0.6727094054222107,-0.05937321484088898,-1.4825581312179565
55.802459716796875,43.68783187866211,62.35360336303711,-4.408506870269775,2.0732991695404053,6.483271598815918,0.91290283203125,-0.0597735159099102,-1.633888840675354
56.21597671508789,44.65902328491211,61.44111633300781,-4.32908821105957,1.980880856513977,6.467580795288086,1.2182332277297974,-0.055391281843185425,-1.7631350755691528
56.80497741699219,45.758827209472656,60.59095001220703,-4.590788841247559,1.7727752923965454,6.338160514831543,1.5292999744415283,-0.015269972383975983,-1.912253737449646
57.62794494628906,46.94586181640625,59.94501876831055,-4.9303388595581055,1.3395181894302368,6.0387654304504395,1.7742924690246582,0.13653771579265594,-2.025023937225342
58.65125274658203,48.16580581665039,59.43259811401367,-5.1256914138793945,1.4939922094345093,5.455020427703857,2.0155673027038574,0.3072763979434967,-2.042869806289673
59.80710983276367,49.47412109375,58.9779052734375,-5.419095993041992,1.9618010520935059,4.91459321975708,2.2141404151916504,0.4291118085384369,-2.100640296936035
61.137939453125,50.89134979248047,58.73491287231445,-5.587645053863525,2.349146842956543,4.081080436706543,2.4229118824005127,0.5897944569587708,-2.1645264625549316
62.55889892578125,52.344085693359375,58.71410369873047,-5.94377326965332,2.9203691482543945,3.3022918701171875,2.4478752613067627,0.8146020174026489,-2.2135159969329834
64.05615234375,53.721527099609375,58.829978942871094,-6.6688947677612305,3.885892868041992,2.458592414855957,2.4941208362579346,0.9518449306488037,-2.183013439178467
65.64019012451172,54.980018615722656,59.206790924072266,-7.864113807678223,4.5174736976623535,1.845976710319519,2.4133148193359375,1.0467332601547241,-2.114152431488037
67.44302368164062,56.04378890991211,59.95853805541992,-8.800310134887695,5.075430393218994,1.2093162536621094,2.317491054534912,1.1845619678497314,-1.884116291999817
69.18814086914062,56.97321701049805,60.78093338012695,-9.860363960266113,5.859506607055664,0.7502036094665527,2.1723532676696777,1.2748810052871704,-1.624891757965088
70.62593841552734,57.84199905395508,61.4057502746582,-10.863534927368164,6.992974281311035,0.10528802126646042,2.0039162635803223,1.2375205755233765,-1.462384819984436
71.66593170166016,58.60169219970703,61.82209777832031,-11.468894004821777,7.815889835357666,-0.5145977139472961,1.7623475790023804,1.1070261001586914,-1.378308653831482
72.450927734375,59.15819549560547,62.198307037353516,-11.520475387573242,8.120283126831055,-1.0016120672225952,1.4376883506774902,0.922812819480896,-1.2109788656234741
73.1613998413086,59.45995330810547,62.578643798828125,-11.75655460357666,8.271973609924316,-1.3292313814163208,1.131824016571045,0.8068146109580994,-0.9828555583953857
73.74150085449219,59.42395782470703,62.784934997558594,-12.007913589477539,8.220147132873535,-1.3877391815185547,0.9771280884742737,0.5930638313293457,-0.6259571313858032
74.08634185791016,59.292823791503906,62.89149475097656,-12.233354568481445,8.242167472839355,-1.5046449899673462,0.8596742153167725,0.36287954449653625,-0.2440447211265564
74.10755157470703,59.303829193115234,62.92585754394531,-12.045812606811523,8.272680282592773,-1.626867413520813,0.5620125532150269,0.24856242537498474,-0.13585563004016876
73.97189331054688,59.18804931640625,62.8531494140625,-11.64140796661377,8.386025428771973,-1.8876105546951294,0.28459426760673523,0.14452549815177917,-0.11563829332590103
73.80274200439453,58.82216262817383,62.79090118408203,-11.032045364379883,8.03249740600586,-1.9127540588378906,0.15123732388019562,-0.01848936453461647,0.15850535035133362
73.59371185302734,58.41655349731445,62.860321044921875,-11.057354927062988,7.3234357833862305,-1.596940279006958,-0.06639289855957031,-0.07432367652654648,0.3253086805343628
73.40885925292969,57.89612579345703,63.07091522216797,-10.70296573638916,7.2988786697387695,-1.594543695449829,-0.24852339923381805,-0.08925063163042068,0.5319812297821045
73.15193939208984,57.29629898071289,63.34368896484375,-10.666882514953613,7.421838283538818,-1.5538265705108643,-0.45077598094940186,-0.06398839503526688,0.7207115888595581
72.70327758789062,56.56571960449219,63.513580322265625,-10.970611572265625,7.577013969421387,-1.2959274053573608,-0.646486759185791,-0.08974681049585342,0.8882359862327576
72.01245880126953,55.713623046875,63.59922409057617,-11.208714485168457,7.485156536102295,-0.9297001957893372,-0.8334272503852844,-0.20204314589500427,1.1000725030899048
71.1175537109375,54.876548767089844,63.666343688964844,-10.975689888000488,7.2461724281311035,-0.44781407713890076,-1.1389440298080444,-0.2665562927722931,1.2330405712127686
70.19152069091797,53.96355056762695,63.734989166259766,-10.659652709960938,7.651594161987305,-0.44925957918167114,-1.3495887517929077,-0.345897912979126,1.2749682664871216
69.26708984375,52.854896545410156,63.906951904296875,-10.064953804016113,7.415063858032227,-0.30146512389183044,-1.4989800453186035,-0.39471521973609924,1.4862130880355835
68.21711730957031,51.64126205444336,64.0594482421875,-10.175928115844727,8.099169731140137,-0.044416431337594986,-1.7029331922531128,-0.4594513177871704,1.6669992208480835
67.16178131103516,50.4001579284668,64.25624084472656,-9.132292747497559,7.5022735595703125,0.1475939005613327,-1.836215853691101,-0.5601136088371277,1.8532392978668213
66.07003784179688,49.256282806396484,64.49603271484375,-8.710488319396973,7.042715072631836,0.4862233102321625,-1.9715367555618286,-0.5280870199203491,1.9024285078048706
64.90507507324219,48.161643981933594,64.64691925048828,-8.268831253051758,6.54470157623291,0.9588725566864014,-2.089539051055908,-0.5880317091941833,1.8878546953201294
63.80215835571289,47.059059143066406,64.79540252685547,-8.198263168334961,5.928259372711182,1.3755570650100708,-2.108769416809082,-0.5879918932914734,1.82615065574646
62.77749252319336,45.82267761230469,65.01898193359375,-7.70351505279541,5.500632286071777,1.64568293094635,-2.0946264266967773,-0.6870255470275879,1.8719626665115356
61.93084716796875,44.55072784423828,65.42864227294922,-7.433735370635986,5.3543596267700195,1.8744168281555176,-2.080580472946167,-0.6365102529525757,2.007262945175171
61.10821533203125,43.333213806152344,65.81822967529297,-7.212992191314697,4.968424320220947,2.127520799636841,-2.0012848377227783,-0.6358596086502075,2.063600540161133
60.275089263916016,42.22077941894531,66.28971862792969,-6.458982944488525,4.54386043548584,2.4137868881225586,-1.9865542650222778,-0.5857902765274048,2.0465219020843506
59.54069137573242,41.17293930053711,66.79586791992188,-5.9376068115234375,4.373847484588623,3.1267762184143066,-2.028895139694214,-0.48121288418769836,2.004695415496826
58.94832229614258,40.192626953125,67.22613525390625,-5.860862731933594,3.9977922439575195,3.5937461853027344,-1.830398678779602,-0.4611853361129761,1.9511710405349731
58.27997589111328,39.40858840942383,67.60511779785156,-5.460982322692871,3.2085306644439697,4.31304407119751,-1.721724033355713,-0.4068118631839752,1.8172436952590942
57.7234992980957,38.84111404418945,67.92378997802734,-5.471795082092285,3.720512628555298,5.152007102966309,-1.6992576122283936,-0.3404844105243683,1.5671727657318115
57.39348602294922,38.434364318847656,68.17355346679688,-4.068203449249268,2.63136887550354,5.211912155151367,-1.3451107740402222,-0.23880811035633087,1.318051815032959
57.034645080566406,38.102867126464844,68.36224365234375,-4.206841468811035,2.1002719402313232,5.900406837463379,-1.203476071357727,-0.19866442680358887,1.0316957235336304
56.9511833190918,37.782440185546875,68.65267181396484,-4.253028392791748,2.459902763366699,6.353546142578125,-0.9714385867118835,-0.14531198143959045,0.914358377456665
57.1079216003418,37.49829864501953,69.06192779541016,-3.7735931873321533,2.6950438022613525,6.395471096038818,-0.6896833181381226,-0.025944164022803307,0.8059223890304565
57.33563995361328,37.29842758178711,69.52617645263672,-3.6648592948913574,2.952092409133911,6.4774489402771,-0.44575315713882446,0.08359415829181671,0.8331843018531799
57.437103271484375,37.42580795288086,69.78721618652344,-3.3748536109924316,2.638296365737915,6.638120174407959,-0.3394157290458679,0.24213086068630219,0.6153994798660278
57.50149917602539,37.71449279785156,69.67779541015625,-3.6246068477630615,3.253021478652954,6.995436668395996,-0.20733267068862915,0.26156124472618103,0.22665967047214508
57.65060043334961,38.0267219543457,69.26602172851562,-3.3655009269714355,4.192612171173096,6.774984836578369,0.09630974382162094,0.1188846230506897,-0.11565723270177841
57.77049255371094,38.46294021606445,68.71435546875,-3.1444153785705566,4.896792411804199,6.172281265258789,0.3984532058238983,-0.04840407893061638,-0.4206072688102722
57.86592483520508,39.060951232910156,68.21007537841797,-3.5671305656433105,5.028442859649658,5.800054550170898,0.5039691925048828,-0.07019328325986862,-0.7418382167816162
58.13273620605469,39.63164138793945,67.84989929199219,-4.2996134757995605,4.574285507202148,5.4118194580078125,0.6146389245986938,-0.005969807971268892,-0.9261686205863953
58.634639739990234,40.05210494995117,67.66506958007812,-5.287602424621582,4.275576114654541,5.0578813552856445,0.757483184337616,0.047242358326911926,-0.9155771136283875
59.43571090698242,40.339054107666016,67.72744750976562,-5.6588945388793945,4.417550563812256,4.709252834320068,0.9435639381408691,0.11357492208480835,-0.7630056738853455
60.52669143676758,40.53510284423828,68.06918334960938,-5.579793453216553,4.37580680847168,4.5407891273498535,1.1459603309631348,0.2529648244380951,-0.536455512046814
61.842529296875,40.71426773071289,68.57732391357422,-5.343146324157715,4.331176280975342,4.560376167297363,1.3202451467514038,0.4136554002761841,-0.29146242141723633
63.34679412841797,41.003456115722656,69.15911102294922,-4.911986351013184,3.9837565422058105,4.513879776000977,1.5506401062011719,0.568528950214386,-0.18929722905158997
64.91658782958984,41.40742111206055,69.77885437011719,-5.1695380210876465,4.027021884918213,4.6001129150390625,1.7352632284164429,0.7516153454780579,-0.19226104021072388
66.46656036376953,41.884944915771484,70.36978912353516,-5.589797496795654,4.157907009124756,4.147845268249512,1.8459935188293457,0.8529149889945984,-0.2702767848968506
68.05365753173828,42.38906478881836,70.96939849853516,-5.880249500274658,4.641543865203857,3.5710229873657227,1.9108526706695557,0.9434753060340881,-0.359750896692276
69.65505981445312,42.87601852416992,71.5306625366211,-6.129854202270508,5.4351396560668945,2.9930877685546875,2.00439453125,0.9654563069343567,-0.4169777035713196
71.192138671875,43.37468338012695,72.02096557617188,-6.3391265869140625,5.808074951171875,2.6038992404937744,2.0393857955932617,0.9555821418762207,-0.4734974801540375
72.61518096923828,43.89678192138672,72.40296936035156,-6.990867614746094,6.19045352935791,2.3199098110198975,2.0637876987457275,0.8892927169799805,-0.5523965954780579
73.85147094726562,44.476295471191406,72.73625946044922,-7.677306175231934,6.362562656402588,1.856783390045166,1.9991456270217896,0.8084286451339722,-0.637497067451477
75.06172180175781,45.01657485961914,73.18290710449219,-8.13486385345459,6.854175090789795,1.5109418630599976,1.816303014755249,0.7738744616508484,-0.7620439529418945
76.40003967285156,45.320926666259766,73.79022979736328,-7.7293524742126465,7.396384239196777,0.8242173790931702,1.7453557252883911,0.8257402777671814,-0.6307408809661865
77.67535400390625,45.44464874267578,74.31848907470703,-7.7123870849609375,7.853853702545166,0.4976597726345062,1.659185528755188,0.7975170612335205,-0.45557108521461487
78.87635040283203,45.559288024902344,74.724609375,-7.912320613861084,7.962875843048096,0.4836540222167969,1.659621000289917,0.7003980278968811,-0.23658491671085358
79.89382934570312,45.909976959228516,74.99787902832031,-8.085688591003418,7.462214469909668,0.44462987780570984,1.5939220190048218,0.6146301031112671,-0.31385186314582825
80.76354217529297,46.33435821533203,75.21355438232422,-7.792199611663818,7.610305309295654,0.13047540187835693,1.4996415376663208,0.5261691212654114,-0.46173638105392456
81.50035095214844,46.733253479003906,75.45654296875,-7.770593643188477,7.957705974578857,-0.372672975063324,1.3395503759384155,0.47279196977615356,-0.5370654463768005
82.16138458251953,47.077091217041016,75.73206329345703,-7.983055114746094,8.28347396850586,-0.8000485897064209,1.1379941701889038,0.4499255418777466,-0.564477801322937
82.7342758178711,47.274864196777344,75.96361541748047,-7.973516941070557,8.625137329101562,-1.197133183479309,1.0046589374542236,0.4332410991191864,-0.515701413154602
83.11518859863281,47.33268356323242,76.11871337890625,-8.495323181152344,9.00536060333252,-1.3436996936798096,0.8381759524345398,0.33142533898353577,-0.3513301610946655
83.36421203613281,47.3625373840332,76.28112030029297,-8.8755521774292,9.061891555786133,-1.5825209617614746,0.6339277029037476,0.29130908846855164,-0.23978203535079956
83.43096923828125,47.319210052490234,76.33727264404297,-8.79333209991455,9.148529052734375,-1.6846871376037598,0.4320572018623352,0.23261986672878265,-0.1374596506357193
83.27645111083984,47.26543426513672,76.24060821533203,-8.754053115844727,9.328904151916504,-1.7614413499832153,0.2478080540895462,0.11132977902889252,-0.01675412617623806
82.90159606933594,47.309173583984375,76.02086639404297,-8.849946022033691,9.420331954956055,-1.7346054315567017,0.0399833545088768,-0.008320808410644531,-0.03867783024907112
82.39521789550781,47.352752685546875,75.75785064697266,-8.497182846069336,8.919544219970703,-1.599046230316162,-0.16335216164588928,-0.1342960149049759,-0.08313249051570892
81.8596420288086,47.349769592285156,75.56475067138672,-8.16496753692627,8.546741485595703,-1.422733187675476,-0.34158483147621155,-0.17819714546203613,-0.06892238557338715
81.24378204345703,47.28398895263672,75.36439514160156,-8.09307861328125,8.661202430725098,-1.3232829570770264,-0.5072333812713623,-0.18845169246196747,-0.03879540413618088
80.57957458496094,47.08161926269531,75.14579772949219,-8.034770011901855,8.429954528808594,-1.1183665990829468,-0.6506780385971069,-0.2468501329421997,0.04971541091799736
79.90677642822266,46.77926254272461,74.93214416503906,-8.062236785888672,8.54305362701416,-0.9172285795211792,-0.7346296310424805,-0.25897398591041565,0.22085127234458923
79.07051849365234,46.444541931152344,74.59562683105469,-8.033285140991211,8.42552661895752,-0.6331095695495605,-0.8169986009597778,-0.3328510820865631,0.3069067895412445
78.0944595336914,46.026397705078125,74.24394226074219,-8.170342445373535,8.169809341430664,-0.2896581292152405,-0.9486289024353027,-0.4355684816837311,0.41657769680023193
77.02787017822266,45.58274459838867,73.91658782958984,-8.029694557189941,7.8574137687683105,-0.07804951816797256,-1.126868724822998,-0.4641455411911011,0.5236181616783142
75.89115142822266,45.13222885131836,73.50516510009766,-7.938436985015869,8.053766250610352,0.2516930401325226,-1.272599697113037,-0.5339228510856628,0.5633248090744019
74.7522964477539,44.616973876953125,73.12934875488281,-7.828133583068848,7.937840938568115,0.40245914459228516,-1.3252090215682983,-0.6130111217498779,0.6076755523681641
73.626220703125,44.06666564941406,72.97736358642578,-7.302765369415283,7.335881233215332,0.6477636098861694,-1.4700853824615479,-0.6055789589881897,0.710067629814148
72.59288024902344,43.47848129272461,72.90347290039062,-7.0933380126953125,7.456759452819824,1.0712038278579712,-1.6347401142120361,-0.45832163095474243,0.7689377665519714
71.60577392578125,42.80137252807617,72.72476196289062,-7.029174327850342,6.795263290405273,1.300904631614685,-1.5509854555130005,-0.5430593490600586,0.8906458020210266
70.64362335205078,42.13197708129883,72.62285614013672,-7.319744110107422,7.046680927276611,1.8066380023956299,-1.5915417671203613,-0.4975477159023285,0.9370941519737244
69.72421264648438,41.455589294433594,72.51300811767578,-6.57415771484375,6.613215923309326,1.7610722780227661,-1.5186129808425903,-0.5545324087142944,1.0153568983078003
68.78792572021484,40.9074821472168,72.43157196044922,-6.080547332763672,6.428992748260498,2.1514880657196045,-1.5482176542282104,-0.48148313164711,0.987044095993042
67.8226318359375,40.42695999145508,72.26318359375,-6.0843586921691895,6.351044178009033,2.410046100616455,-1.5109022855758667,-0.5208449363708496,0.8830589652061462
66.93262481689453,39.97099304199219,72.2109146118164,-5.888269901275635,5.870668888092041,2.5545108318328857,-1.5276235342025757,-0.4878016710281372,0.8029261827468872
66.12492370605469,39.42618179321289,72.20059204101562,-6.166213512420654,6.605514049530029,2.5993359088897705,-1.4764072895050049,-0.4135424792766571,0.787256121635437
65.40278625488281,38.728126525878906,72.23751831054688,-6.516148090362549,6.6858015060424805,2.796820878982544,-1.4494426250457764,-0.4725837707519531,0.8811641335487366
64.873291015625,37.961585998535156,72.31685638427734,-6.0698652267456055,6.12913179397583,2.884539842605591,-1.3267149925231934,-0.39958521723747253,1.0401313304901123
64.35133361816406,37.17378616333008,72.26856231689453,-6.144337177276611,6.440295219421387,3.1666061878204346,-1.134780764579773,-0.5372728109359741,1.1005666255950928
63.930416107177734,36.4733772277832,72.3320083618164,-5.533919334411621,5.605711936950684,3.8702375888824463,-1.04830801486969,-0.5135442018508911,1.159070372581482
63.49778366088867,35.918663024902344,72.29354858398438,-4.989428997039795,5.524376392364502,3.922010898590088,-0.88788241147995,-0.480719655752182,1.0815188884735107
63.10198211669922,35.494117736816406,72.28081512451172,-5.26121187210083,5.367809772491455,4.843484878540039,-0.8750782012939453,-0.5148000121116638,0.9235373735427856
62.852294921875,35.24077224731445,72.38938903808594,-4.405209541320801,4.175477504730225,4.510909080505371,-0.6878311038017273,-0.32382363080978394,0.813518762588501
62.542938232421875,35.05727767944336,72.3329849243164,-4.946564674377441,4.497537612915039,5.447861671447754,-0.7340911030769348,-0.25901371240615845,0.5738829970359802
62.494102478027344,34.8267822265625,72.24475860595703,-4.875804901123047,5.48522424697876,4.9898176193237305,-0.435608446598053,-0.29271382093429565,0.4876190721988678
62.41243362426758,34.7201042175293,72.22688293457031,-4.405938148498535,4.799957752227783,4.93350887298584,-0.29374396800994873,-0.2675197422504425,0.3883848786354065
62.419219970703125,34.770023345947266,72.22483825683594,-4.099912166595459,4.532323837280273,5.336520195007324,-0.2652159631252289,-0.139081209897995,0.2545967698097229
62.5634880065918,34.967708587646484,72.07575988769531,-3.741260290145874,4.651850700378418,5.308290958404541,-0.01354739349335432,-0.09641164541244507,0.05643201246857643
62.666534423828125,35.32118225097656,71.77519989013672,-3.9141006469726562,4.881985664367676,5.486368179321289,0.15080054104328156,-0.07786714285612106,-0.2043944001197815
62.76889419555664,35.77375030517578,71.35124206542969,-4.1485276222229,5.392571449279785,5.082836151123047,0.3198428750038147,-0.12068765610456467,-0.4823877811431885
62.93329620361328,36.243839263916016,70.96687316894531,-4.385292053222656,5.385016441345215,4.770378589630127,0.442079097032547,-0.13520869612693787,-0.6983695030212402
63.2963752746582,36.69194030761719,70.68561553955078,-4.495395183563232,4.830191612243652,4.753135681152344,0.5616781115531921,-0.09871460497379303,-0.7600873112678528
63.8607063293457,37.20656204223633,70.37863159179688,-4.417243480682373,4.5538763999938965,4.936232566833496,0.8089023232460022,-0.04086479917168617,-0.8121683597564697
64.51819610595703,37.860877990722656,70.0126724243164,-4.301619052886963,4.28338623046875,5.117908954620361,1.0633078813552856,-0.049571357667446136,-0.9399356245994568
65.34231567382812,38.60072326660156,69.72151947021484,-4.409648895263672,3.9243924617767334,4.92276668548584,1.2847826480865479,0.043363090604543686,-1.1191703081130981
66.34770202636719,39.307029724121094,69.49393463134766,-4.744907379150391,3.5478367805480957,4.985576152801514,1.535913109779358,0.08843433856964111,-1.1553293466567993
67.47722625732422,40.19296646118164,69.37260437011719,-4.709956169128418,3.411294937133789,4.932143688201904,1.7569539546966553,0.16915839910507202,-1.2118877172470093
68.71003723144531,41.366127014160156,69.36506652832031,-4.112574577331543,3.5720064640045166,4.454351902008057,1.8901513814926147,0.3691530227661133,-1.4251750707626343
70.02839660644531,42.664222717285156,69.35179138183594,-3.980466842651367,4.003931045532227,3.9269890785217285,2.0337295532226562,0.5562742352485657,-1.6810168027877808
71.37330627441406,44.01778793334961,69.32877349853516,-4.92699670791626,3.9363999366760254,3.606175184249878,2.178969383239746,0.598233163356781,-1.8619189262390137
72.69564056396484,45.50614547729492,69.46112823486328,-6.068838119506836,4.351394176483154,2.8795876502990723,2.23144268989563,0.7112633585929871,-2.0557498931884766
74.01808166503906,46.98051452636719,69.8368148803711,-6.726799011230469,5.060892581939697,1.957495093345642,2.0966551303863525,0.8488250970840454,-2.219536542892456
75.48130798339844,48.256980895996094,70.45789337158203,-6.810362815856934,6.174089431762695,1.0074758529663086,1.973867416381836,1.0452734231948853,-2.1606147289276123
76.94384002685547,49.347713470458984,71.0622329711914,-7.39006233215332,6.5814313888549805,0.5607859492301941,1.8868993520736694,1.0962932109832764,-2.0025064945220947
78.45915985107422,50.27635192871094,71.71018981933594,-8.108954429626465,7.143411636352539,0.18976141512393951,1.85286545753479,1.0734152793884277,-1.8341833353042603
79.98880767822266,50.969993591308594,72.44499206542969,-8.530655860900879,7.07927131652832,-0.43089595437049866,1.8190194368362427,1.074493408203125,-1.5932759046554565
81.35603332519531,51.44316101074219,73.14214324951172,-9.291739463806152,7.664270877838135,-0.8200392127037048,1.7186634540557861,1.0151365995407104,-1.2739585638046265
82.42890167236328,51.869937896728516,73.72480010986328,-9.469725608825684,8.132247924804688,-1.105464220046997,1.5442835092544556,0.9352267980575562,-1.0073403120040894
83.15233612060547,52.36668395996094,74.09898376464844,-9.926651000976562,8.653526306152344,-1.4059146642684937,1.2535629272460938,0.8027608394622803,-0.9111762642860413
83.63887023925781,52.83946228027344,74.29609680175781,-10.181513786315918,9.148727416992188,-1.8329864740371704,1.0379260778427124,0.6393028497695923,-0.9019007086753845
83.8398208618164,53.14518737792969,74.33187103271484,-10.405744552612305,9.459355354309082,-2.163639545440674,0.789849579334259,0.46615326404571533,-0.8029369115829468
83.81659698486328,53.28242111206055,74.2493667602539,-10.88458251953125,9.50731372833252,-2.4156148433685303,0.5485315322875977,0.26707980036735535,-0.6232997179031372
83.6426773071289,53.296207427978516,74.14805603027344,-10.898589134216309,9.526968002319336,-2.5400264263153076,0.31626060605049133,0.13549922406673431,-0.4256846308708191
83.31562042236328,53.17910385131836,74.02722930908203,-10.625560760498047,9.620190620422363,-2.5731470584869385,0.07168595492839813,0.024641869589686394,-0.23129847645759583
82.92697143554688,52.86526870727539,73.94844055175781,-10.113593101501465,9.27328872680664,-2.5538527965545654,-0.15554913878440857,-0.042909394949674606,-0.0039637102745473385
82.49542999267578,52.40817642211914,73.94811248779297,-9.604538917541504,8.551348686218262,-2.320469856262207,-0.33892345428466797,-0.08620961755514145,0.3079988360404968
81.94120788574219,52.03038024902344,73.95972442626953,-9.857428550720215,8.342864990234375,-2.018017530441284,-0.566917896270752,-0.06431318819522858,0.4804825484752655
81.26151275634766,51.6140022277832,73.86009216308594,-10.077648162841797,8.530625343322754,-1.8528927564620972,-0.7531091570854187,-0.10669305920600891,0.4828203618526459
80.44998168945312,50.913909912109375,73.77765655517578,-9.71122932434082,8.485848426818848,-1.897899866104126,-0.860275387763977,-0.180288627743721,0.7018284201622009
79.4690933227539,50.121612548828125,73.80860900878906,-9.646757125854492,8.620597839355469,-1.643652319908142,-1.1938396692276,-0.21567001938819885,0.9745795130729675
78.41057586669922,49.3643798828125,73.85120391845703,-9.184534072875977,8.55903434753418,-1.381253957748413,-1.4176409244537354,-0.18089431524276733,1.0947288274765015
77.16236114501953,48.583770751953125,73.81140899658203,-8.861833572387695,8.54912281036377,-0.9183565974235535,-1.6787309646606445,-0.25220927596092224,1.184161901473999
75.90704345703125,47.81391906738281,73.71585845947266,-8.731952667236328,8.143444061279297,-0.47993552684783936,-1.860812783241272,-0.27478957176208496,1.2331900596618652
74.5940170288086,46.99781799316406,73.4923324584961,-8.47825813293457,7.8225226402282715,-0.18410086631774902,-1.881367802619934,-0.4113953709602356,1.2308682203292847
73.24158477783203,46.090187072753906,73.26788330078125,-8.238805770874023,7.289048194885254,0.22996357083320618,-1.9776097536087036,-0.4927227199077606,1.3166639804840088
71.87369537353516,45.200172424316406,72.97938537597656,-7.913597106933594,7.003346920013428,0.5031272172927856,-1.9759281873703003,-0.6262029409408569,1.3629754781723022
70.5282211303711,44.32564163208008,72.69886016845703,-7.802424430847168,6.3933796882629395,1.1024775505065918,-2.0236318111419678,-0.6768643856048584,1.334373950958252
69.29475402832031,43.42562484741211,72.41157531738281,-7.049265384674072,5.868358135223389,1.3793452978134155,-1.9522150754928589,-0.7831231355667114,1.3618718385696411
68.16004180908203,42.588130950927734,72.15652465820312,-6.470531940460205,5.50044584274292,1.8694274425506592,-1.8725861310958862,-0.780081570148468,1.3279550075531006
67.1080551147461,41.76573944091797,71.80693817138672,-6.198930740356445,5.617641448974609,2.328526496887207,-1.7546889781951904,-0.8458675742149353,1.2782471179962158
66.19490051269531,41.001529693603516,71.4802474975586,-5.875429630279541,5.1085333824157715,2.4924120903015137,-1.5407094955444336,-0.9071511626243591,1.2085012197494507
65.34416961669922,40.30378723144531,71.26107025146484,-5.601789474487305,4.7111992835998535,2.9676623344421387,-1.4271793365478516,-0.8667076230049133,1.129854440689087
64.56649780273438,39.700836181640625,71.08811950683594,-5.419830799102783,4.122137546539307,3.4854888916015625,-1.3480876684188843,-0.8138015866279602,1.0703253746032715
63.95601272583008,39.22921371459961,70.94557189941406,-5.332327842712402,4.871109962463379,3.9941298961639404,-1.2420896291732788,-0.7166140079498291,0.9146776795387268
63.51116943359375,38.858543395996094,70.83848571777344,-4.373276233673096,4.110980033874512,4.288825988769531,-1.0125389099121094,-0.6378811001777649,0.8128678202629089
63.031036376953125,38.698795318603516,70.68849182128906,-3.819563865661621,3.446756601333618,4.665603160858154,-0.8877419829368591,-0.5019862651824951,0.6189374327659607
62.655757904052734,38.698307037353516,70.53015899658203,-4.168278694152832,4.214752674102783,5.330407619476318,-0.7978314757347107,-0.4534367024898529,0.350128173828125
62.4747314453125,38.90165328979492,70.4789810180664,-2.9092888832092285,2.86952805519104,5.322892189025879,-0.5693683624267578,-0.25200966000556946,0.17119842767715454
62.33460998535156,39.31725311279297,70.30982971191406,-3.267622470855713,3.018139600753784,6.031399726867676,-0.48673540353775024,-0.10870111733675003,-0.16931091248989105
62.520328521728516,39.76034927368164,70.12368774414062,-3.2854790687561035,3.9671499729156494,5.7927985191345215,-0.1380310356616974,-0.020564736798405647,-0.4093095064163208
62.821075439453125,40.17744064331055,69.97113800048828,-3.6962385177612305,3.550269365310669,5.478289604187012,0.18529678881168365,0.03721962496638298,-0.5616934299468994
63.272613525390625,40.516902923583984,69.91582489013672,-4.90741491317749,3.928560733795166,5.510697364807129,0.37571385502815247,0.08532124757766724,-0.5881355404853821
63.97795104980469,40.81184768676758,70.01412200927734,-4.940003395080566,4.067919731140137,5.011338233947754,0.6634023189544678,0.14645560085773468,-0.5347551703453064
64.84603881835938,41.149417877197266,70.32735443115234,-4.775954723358154,3.648252487182617,5.2708940505981445,0.8352248668670654,0.27436181902885437,-0.4564058184623718
65.95439910888672,41.58058547973633,70.8122787475586,-4.552924633026123,3.5502493381500244,5.359928131103516,0.9893227815628052,0.49023449420928955,-0.4296596348285675
67.27281188964844,42.06684494018555,71.35342407226562,-4.443880558013916,3.5158514976501465,5.307201385498047,1.226225733757019,0.6678299903869629,-0.4427237808704376
68.74645233154297,42.596073150634766,71.93160247802734,-4.729432106018066,3.2517597675323486,5.35649299621582,1.4389921426773071,0.7985833883285522,-0.48413461446762085
70.38288879394531,43.195518493652344,72.55198669433594,-5.124874114990234,3.2832767963409424,4.953210830688477,1.6835319995880127,0.9016798138618469,-0.5337638854980469
72.11082458496094,43.86463928222656,73.19378662109375,-5.752871036529541,3.774764060974121,4.347752571105957,1.8780044317245483,1.0006669759750366,-0.6528891324996948
73.91035461425781,44.47560501098633,73.87818145751953,-6.090919494628906,4.228761196136475,3.7760610580444336,2.051722764968872,1.0443544387817383,-0.7235141396522522
75.7309799194336,45.023799896240234,74.68977355957031,-6.167601108551025,4.862812042236328,3.016108989715576,2.136653184890747,1.0851030349731445,-0.6980619430541992
77.62120056152344,45.56278610229492,75.67354583740234,-6.346510410308838,5.016297340393066,2.5248489379882812,2.099097967147827,1.1762211322784424,-0.6826803088188171
79.652099609375,46.050086975097656,76.75032806396484,-6.582356929779053,5.430361747741699,1.888289451599121,2.120197296142578,1.2992017269134521,-0.6445861458778381
81.68330383300781,46.4642333984375,77.76293182373047,-7.094615936279297,6.287556171417236,1.0749521255493164,2.180623769760132,1.3256521224975586,-0.6058747172355652
83.64696502685547,46.8528938293457,78.78717041015625,-7.480891704559326,6.881371974945068,0.23238076269626617,2.2111175060272217,1.2928051948547363,-0.5509351491928101
85.51850128173828,47.196937561035156,79.86548614501953,-7.672712802886963,7.395961761474609,-0.4309828281402588,2.099430799484253,1.3321900367736816,-0.5699964165687561
87.28360748291016,47.32975769042969,80.90286254882812,-7.70626974105835,7.934162139892578,-1.0108400583267212,2.0025341510772705,1.295078158378601,-0.44994449615478516
88.89311981201172,47.33576583862305,81.88992309570312,-8.274972915649414,8.143372535705566,-1.3403100967407227,1.8520840406417847,1.2722375392913818,-0.27014783024787903
90.24471282958984,47.362510681152344,82.66685485839844,-8.673674583435059,8.614022254943848,-1.8391523361206055,1.6986640691757202,1.1823060512542725,-0.14537498354911804
91.23353576660156,47.48532485961914,83.13529968261719,-9.181685447692871,8.907999038696289,-2.3447036743164062,1.5190621614456177,1.0028727054595947,-0.16120077669620514
91.83088684082031,47.7116584777832,83.33434295654297,-9.673015594482422,9.671733856201172,-2.5909841060638428,1.3037911653518677,0.7279888987541199,-0.2049092948436737
92.10138702392578,48.00492477416992,83.3847885131836,-9.652562141418457,9.584455490112305,-3.1440463066101074,1.0006862878799438,0.49728965759277344,-0.358801931142807
92.11712646484375,48.23283767700195,83.33145904541016,-9.310332298278809,9.804285049438477,-3.4894373416900635,0.7081807851791382,0.27337852120399475,-0.3589130938053131
91.9668197631836,48.38530731201172,83.2302017211914,-9.215303421020508,9.750761985778809,-3.5428409576416016,0.389021635055542,0.14480729401111603,-0.39430463314056396
91.7378158569336,48.39286422729492,83.04850006103516,-8.964373588562012,9.57988166809082,-3.598464250564575,0.18932324647903442,-0.0011347238905727863,-0.22450770437717438
91.43235778808594,48.413692474365234,82.86832427978516,-8.800192832946777,9.33121109008789,-3.506361961364746,0.03821197897195816,-0.07064119726419449,-0.17492139339447021
91.01935577392578,48.39664840698242,82.74308013916016,-8.090249061584473,8.15582275390625,-3.0124762058258057,-0.14522188901901245,-0.14649297297000885,-0.07886255532503128
90.58023071289062,48.448673248291016,82.74530792236328,-7.961705207824707,7.7718353271484375,-2.713991403579712,-0.3722682297229767,-0.07523080706596375,-0.06197435036301613
90.08201599121094,48.565975189208984,82.66371154785156,-7.712701797485352,7.872453212738037,-2.468445301055908,-0.5402132272720337,-0.07717061042785645,-0.10739468783140182
89.5832748413086,48.635005950927734,82.50777435302734,-7.724160194396973,7.953164100646973,-2.247232675552368,-0.5927202701568604,-0.10193527489900589,-0.15792086720466614
88.9970932006836,48.561946868896484,82.26957702636719,-7.676431655883789,8.079917907714844,-2.083413600921631,-0.6114951372146606,-0.16414515674114227,-0.06945965439081192
88.29618835449219,48.447425842285156,82.0213851928711,-7.398810863494873,7.53170919418335,-1.5909647941589355,-0.6903175711631775,-0.22247743606567383,0.036976758390665054
87.54817962646484,48.41610336303711,81.7872314453125,-7.477161884307861,6.95641565322876,-0.8721421360969543,-0.8177946209907532,-0.24162830412387848,0.08751198649406433
86.79981231689453,48.483802795410156,81.4477310180664,-8.113260269165039,6.820460319519043,-0.4214339554309845,-0.8698813915252686,-0.2630123794078827,-0.005709399469196796
85.975341796875,48.48202896118164,81.00846862792969,-7.863496780395508,6.837754726409912,-0.33695217967033386,-0.8076046109199524,-0.37680763006210327,-0.04384271055459976
85.07762908935547,48.4360466003418,80.65373229980469,-7.388882160186768,7.006658554077148,0.09497708082199097,-0.9246363043785095,-0.4040709137916565,0.011880560778081417
84.14985656738281,48.473697662353516,80.29351806640625,-7.706378936767578,6.256865501403809,0.4407447874546051,-0.9843608736991882,-0.39727094769477844,-0.007997117936611176
83.1771469116211,48.58586502075195,79.85596466064453,-7.821600914001465,6.406798839569092,0.8502833843231201,-1.0865776538848877,-0.4259115159511566,-0.08509133756160736
82.27645111083984,48.62043762207031,79.32183074951172,-7.694517135620117,6.725573539733887,0.9417316913604736,-1.0205644369125366,-0.4633309841156006,-0.17334240674972534
81.38092803955078,48.44442367553711,78.80086517333984,-7.109157562255859,6.619185924530029,0.9858777523040771,-0.9358177781105042,-0.577894926071167,-0.04810753092169762
80.49341583251953,48.30237579345703,78.39798736572266,-6.851449012756348,5.951458930969238,1.249471664428711,-0.9655404686927795,-0.5323370099067688,0.09657321870326996
79.56747436523438,48.28291702270508,77.88915252685547,-7.410892009735107,6.114602565765381,1.6011543273925781,-0.9930331707000732,-0.5525339245796204,0.025470875203609467
78.76361083984375,48.22598648071289,77.39351654052734,-7.483086585998535,5.962934970855713,1.7424242496490479,-0.9226072430610657,-0.5783157348632812,0.00235048308968544
78.00819396972656,48.043216705322266,76.93022918701172,-7.491339206695557,6.143979549407959,1.5642590522766113,-0.825726330280304,-0.5679370164871216,0.013927054591476917
77.24614715576172,47.72341537475586,76.53997802734375,-7.133195400238037,6.067367076873779,1.6981582641601562,-0.8114035725593567,-0.611744225025177,0.19344958662986755
76.55109405517578,47.515907287597656,76.22563171386719,-7.117125988006592,5.745785236358643,1.89671790599823,-0.8390998840332031,-0.5276938080787659,0.26898932456970215
75.87064361572266,47.337501525878906,75.80308532714844,-7.437127113342285,5.744091987609863,2.1370413303375244,-0.779617190361023,-0.5336450934410095,0.19210539758205414
75.28874969482422,47.032718658447266,75.43897247314453,-7.366257190704346,5.703066825866699,2.1070151329040527,-0.7015663981437683,-0.561882734298706,0.2616141140460968
74.74629211425781,46.71083450317383,75.10850524902344,-7.458201885223389,6.1315836906433105,2.0137434005737305,-0.6267069578170776,-0.528972864151001,0.34009090065956116
74.12279510498047,46.42512130737305,74.7076416015625,-7.321157455444336,6.23612642288208,2.038738965988159,-0.6005394458770752,-0.5651572346687317,0.3635350465774536
73.4872817993164,46.20558166503906,74.33584594726562,-7.219110488891602,5.937556743621826,2.067566394805908,-0.6051652431488037,-0.5680177807807922,0.32952722907066345
72.89765167236328,46.024803161621094,73.99446105957031,-7.212972640991211,5.960597991943359,2.1233997344970703,-0.6339251399040222,-0.5421574115753174,0.278001993894577
72.3729248046875,45.84101867675781,73.6369400024414,-7.0623979568481445,6.341887474060059,2.030673027038574,-0.5696566700935364,-0.5203705430030823,0.23470979928970337
71.84589385986328,45.567203521728516,73.2791976928711,-7.234385013580322,6.495607852935791,2.037491798400879,-0.5305967330932617,-0.5389205813407898,0.2215735912322998
71.3585205078125,45.19971466064453,73.02224731445312,-7.188659191131592,6.389521598815918,1.9265685081481934,-0.5110188722610474,-0.5501394867897034,0.33586254715919495
70.9186019897461,44.838233947753906,72.83512115478516,-7.3511481285095215,6.523198127746582,2.0075809955596924,-0.5514876246452332,-0.4955946207046509,0.3965771496295929
70.52249145507812,44.4217414855957,72.64202117919922,-7.337463855743408,6.634108066558838,1.9122657775878906,-0.49688518047332764,-0.4833950996398926,0.4621996581554413
70.13787078857422,43.9301643371582,72.4759292602539,-7.143454074859619,6.750021934509277,2.068678617477417,-0.5095625519752502,-0.4841429591178894,0.5432389378547668
69.81307220458984,43.37896728515625,72.33822631835938,-6.768671989440918,7.067766189575195,1.8972220420837402,-0.4570799171924591,-0.48988115787506104,0.6582880020141602
69.49276733398438,42.833740234375,72.25037384033203,-6.796760082244873,6.921225547790527,1.9809486865997314,-0.4540886878967285,-0.4921453297138214,0.7312502861022949
69.23440551757812,42.31000900268555,72.2130355834961,-6.876180171966553,7.0040283203125,2.1803011894226074,-0.4575749337673187,-0.4397612512111664,0.7817802429199219
68.96525573730469,41.828495025634766,72.15534210205078,-6.650977611541748,6.476711273193359,2.1676528453826904,-0.40431588888168335,-0.42602959275245667,0.7888059616088867
68.65250396728516,41.41978073120117,72.15139770507812,-6.436027526855469,6.200067520141602,2.4384827613830566,-0.45560815930366516,-0.3894590139389038,0.7530992031097412
68.45037841796875,41.03730392456055,72.1811294555664,-6.2166619300842285,6.589932918548584,2.4888854026794434,-0.49016904830932617,-0.3070506155490875,0.6997696161270142
68.36769104003906,40.618961334228516,72.17796325683594,-6.0103983879089355,6.9285712242126465,2.4433786869049072,-0.3531864583492279,-0.2979484498500824,0.6894106864929199
68.28826141357422,40.238529205322266,72.21827697753906,-5.641206741333008,6.118320465087891,2.6493537425994873,-0.277518093585968,-0.286813884973526,0.6897373199462891
68.19100952148438,40.0062141418457,72.27925109863281,-5.465615749359131,5.856271266937256,2.897712469100952,-0.25981688499450684,-0.2124355584383011,0.6381010413169861
68.10344696044922,39.934818267822266,72.2691879272461,-5.3669538497924805,5.92836332321167,3.0287299156188965,-0.2563636004924774,-0.15606191754341125,0.45930179953575134
68.10525512695312,39.951011657714844,72.2144546508789,-4.955089092254639,6.098172664642334,3.097522258758545,-0.14455029368400574,-0.12282662093639374,0.2904558479785919
68.06858825683594,40.06285858154297,72.1147689819336,-4.821296215057373,5.987570285797119,3.0912561416625977,-0.046449899673461914,-0.09746814519166946,0.116496741771698
67.9814682006836,40.26654052734375,72.01287078857422,-4.949302673339844,5.886899471282959,3.2102742195129395,-0.048994280397892,-0.08318016678094864,-0.05583019182085991
67.98702239990234,40.50832748413086,71.97828674316406,-4.955019474029541,5.9362473487854,3.0912184715270996,-0.033346936106681824,-0.014565887860953808,-0.20752030611038208
68.1370849609375,40.667362213134766,72.00376892089844,-5.046751499176025,6.222803115844727,3.0850017070770264,0.03491399437189102,0.03972297161817551,-0.2562263309955597
68.38665771484375,40.70973587036133,72.07674407958984,-5.407167434692383,6.431783676147461,2.88670015335083,0.1666581779718399,0.07317569851875305,-0.19580765068531036
68.62484741210938,40.70835876464844,72.18869018554688,-5.90601921081543,6.386602878570557,2.86163592338562,0.22297342121601105,0.07556101679801941,-0.09319524466991425
68.87822723388672,40.7708625793457,72.34757995605469,-5.996492385864258,6.283852577209473,2.9670419692993164,0.23414017260074615,0.1266472339630127,-0.045982394367456436
69.16886901855469,40.91590881347656,72.51107025146484,-5.669447898864746,6.298813343048096,3.0622668266296387,0.25228145718574524,0.17673735320568085,-0.07227960228919983
69.52867889404297,41.13568115234375,72.6964340209961,-5.3166022300720215,6.17470121383667,3.1383249759674072,0.30462005734443665,0.23491492867469788,-0.13235892355442047
69.94673919677734,41.44054412841797,72.8937759399414,-5.197951793670654,5.986529350280762,3.184807777404785,0.36556705832481384,0.2983735203742981,-0.21257424354553223
70.42185974121094,41.84499740600586,73.08157348632812,-5.136824607849121,5.783265113830566,3.264855146408081,0.44384142756462097,0.35657817125320435,-0.32920971512794495
70.905029296875,42.373355865478516,73.23262023925781,-5.084814548492432,5.430380821228027,3.2895348072052,0.5356213450431824,0.40467026829719543,-0.46449655294418335
71.35897827148438,43.01870346069336,73.30569458007812,-5.422031879425049,5.24429178237915,3.3068478107452393,0.5771870613098145,0.43504735827445984,-0.6704689264297485
71.87350463867188,43.685096740722656,73.32774353027344,-5.831397533416748,5.342083930969238,3.109757423400879,0.6660425066947937,0.4174078106880188,-0.8295055627822876
72.4544677734375,44.34459686279297,73.37313079833984,-6.239201068878174,5.316696643829346,2.842376232147217,0.7843486070632935,0.4049091041088104,-0.9366077184677124
73.12425994873047,44.87032699584961,73.51915740966797,-6.759804725646973,5.7552490234375,2.432563304901123,0.8425534963607788,0.41233646869659424,-0.9718678593635559
73.98095703125,45.11835861206055,73.8525390625,-7.3077545166015625,6.465431213378906,2.0478146076202393,0.9345120191574097,0.43080469965934753,-0.7870687246322632
74.90164184570312,45.1861686706543,74.31550598144531,-7.177371501922607,6.816832542419434,1.6389529705047607,0.996453583240509,0.4880537986755371,-0.48290079832077026
75.73307037353516,45.2498664855957,74.76189422607422,-7.066765308380127,6.8498663902282715,1.669861912727356,0.9782178997993469,0.511019229888916,-0.26359477639198303
76.45532989501953,45.45001983642578,75.13740539550781,-7.1123456954956055,6.724405288696289,1.799334168434143,0.9212533235549927,0.5260510444641113,-0.18598680198192596
77.03607940673828,45.86124801635742,75.35578155517578,-7.457108020782471,6.6264472007751465,1.7612675428390503,0.8546340465545654,0.5090213418006897,-0.3039292097091675
77.4924087524414,46.33753204345703,75.39225769042969,-7.7675886154174805,7.085198402404785,1.5625112056732178,0.8086191415786743,0.4376660883426666,-0.517932116985321
