GYRO Sensor 0 X,GYRO Sensor 0 Y,GYRO Sensor 0 Z
0.0,0.0,0.0
0.0,0.0,0.0
0.0,0.0,0.0
0.0,0.0,0.0
0.0,0.0,0.0
0.0,0.0,0.0
0.0,0.0,0.0
0.0,0.0,0.0
0.0,0.0,0.0
0.0,0.0,0.0
0.0,0.0,0.0
0.0,0.0,0.0
0.0,0.0,0.0
0.0,0.0,0.0
0.0,0.0,0.0
0.0,0.0,0.0
0.0,0.0,0.0
0.0,0.0,0.0
0.0,0.0,0.0
0.0,0.0,0.0
0.0,0.0,0.0
0.0,0.0,0.0
0.0,0.0,0.0
0.0,0.0,0.0
0.0,0.0,0.0
0.0,0.0,0.0
0.0,0.0,0.0
0.0,0.0,0.0
0.0,0.0,0.0
0.0,0.0,0.0
0.0,0.0,0.0
0.0,0.0,0.0
0.0,0.0,0.0
0.0,0.0,0.0
0.0,0.0,0.0
0.0,0.0,0.0
0.0,0.0,0.0
0.0,0.0,0.0
0.0,0.0,0.0
0.0,0.0,0.0
0.0,0.0,0.0
0.0,0.0,0.0
0.0,0.0,0.0
0.0,0.0,0.0
0.0,0.0,0.0
0.0,0.0,0.0
0.0,0.0,0.0
0.0,0.0,0.0
0.0,0.0,0.0
0.0,0.0,0.0
0.0,0.0,0.0
0.0,0.0,0.0
0.0,0.0,0.0
0.0,0.0,0.0
0.0,0.0,0.0
0.0,0.0,0.0
0.0,0.0,0.0
0.0,0.0,0.0
0.0,0.0,0.0
0.0,0.0,0.0
0.0,0.0,0.0
0.0,0.0,0.0
0.0,0.0,0.0
0.0,0.0,0.0
0.0,0.0,0.0
0.0,0.0,0.0
0.0,0.0,0.0
0.0,0.0,0.0
0.0,0.0,0.0
0.0,0.0,0.0
0.0,0.0,0.0
0.0,0.0,0.0
0.0,0.0,0.0
0.0,0.0,0.0
0.0,0.0,0.0
0.0,0.0,0.0
0.0,0.0,0.0
0.0,0.0,0.0
0.0,0.0,0.0
0.0,0.0,0.0
0.0,0.0,0.0
0.0,0.0,0.0
0.0,0.0,0.0
0.0,0.0,0.0
0.0,0.0,0.0
0.0,0.0,0.0
0.0,0.0,0.0
0.0,0.0,0.0
0.0,0.0,0.0
0.0,0.0,0.0
0.0,0.0,0.0
0.0,0.0,0.0
0.0,0.0,0.0
0.0,0.0,0.0
0.0,0.0,0.0
0.0,0.0,0.0
0.0,0.0,0.0
0.0,0.0,0.0
0.0,0.0,0.0
0.0,0.0,0.0
0.0,0.0,0.0
0.0,0.0,0.0
0.0,0.0,0.0
0.0,0.0,0.0
0.0,0.0,0.0
0.0,0.0,0.0
0.0,0.0,0.0
0.0,0.0,0.0
0.0,0.0,0.0
0.0,0.0,0.0
0.0,0.0,0.0
0.0,0.0,0.0
0.0,0.0,0.0
0.0,0.0,0.0
0.0,0.0,0.0
0.0,0.0,0.0
0.0,0.0,0.0
0.0,0.0,0.0
0.0,0.0,0.0
0.0,0.0,0.0
0.0,0.0,0.0
0.0,0.0,0.0
0.0,0.0,0.0
0.0,0.0,0.0
0.0,0.0,0.0
0.0,0.0,0.0
0.0,0.0,0.0
0.0,0.0,0.0
0.0,0.0,0.0
0.0,0.0,0.0
0.0,0.0,0.0
0.0,0.0,0.0
0.0,0.0,0.0
0.0,0.0,0.0
0.0,0.0,0.0
0.0,0.0,0.0
0.0,0.0,0.0
0.0,0.0,0.0
0.0,0.0,0.0
0.0,0.0,0.0
0.0,0.0,0.0
0.0,0.0,0.0
0.0,0.0,0.0
0.0,0.0,0.0
0.0,0.0,0.0
0.0,0.0,0.0
0.0,0.0,0.0
0.0,0.0,0.0
0.0,0.0,0.0
0.0,0.0,0.0
0.0,0.0,0.0
0.0,0.0,0.0
0.0,0.0,0.0
0.0,0.0,0.0
0.0,0.0,0.0
0.0,0.0,0.0
0.0,0.0,0.0
0.0,0.0,0.0
0.0,0.0,0.0
0.0,0.0,0.0
0.0,0.0,0.0
0.0,0.0,0.0
0.0,0.0,0.0
0.0,0.0,0.0
0.0,0.0,0.0
0.0,0.0,0.0
0.0,0.0,0.0
0.0,0.0,0.0
164.93893432617188,-170.2061004638672,161.1374053955078
146.8625946044922,-162.0992431640625,146.70228576660156
126.90076446533203,-150.68702697753906,130.81678771972656
104.9312973022461,-136.08396911621094,113.98473358154297
80.96183013916016,-118.0457992553711,95.96183013916016
55.58778762817383,-96.4427490234375,77.59542083740234
28.48091697692871,-71.09160614013672,58.79389190673828
-0.49618321657180786,-41.36641311645508,40.60305404663086
-64.46565246582031,27.0992374420166,5.656488418579102
-98.10687255859375,64.22900390625,-12.358778953552246
-131.7862548828125,102.20610809326172,-30.229007720947266
-163.5801544189453,137.33587646484375,-48.0
-191.05343627929688,168.52671813964844,-65.41221618652344
-214.04580688476562,195.9084014892578,-81.96183013916016
-232.93893432617188,220.60305786132812,-97.38167572021484
-249.06869506835938,243.06869506835938,-110.80152893066406
-250.1374053955078,250.12977600097656,-122.12976837158203
-250.1374053955078,250.12977600097656,-131.96946716308594
-250.1374053955078,250.12977600097656,-141.0229034423828
-250.1374053955078,250.12977600097656,-157.4580078125
-250.1374053955078,250.12977600097656,-165.28244018554688
-250.1374053955078,250.12977600097656,-173.6488494873047
-250.1374053955078,250.12977600097656,-181.7862548828125
-250.1374053955078,250.12977600097656,-188.4198455810547
-250.1374053955078,250.12977600097656,-194.12213134765625
-250.1374053955078,250.12977600097656,-197.80152893066406
-250.1374053955078,250.12977600097656,-199.70993041992188
-250.1374053955078,237.4198455810547,-199.4809112548828
-250.1374053955078,219.41221618652344,-197.00762939453125
-250.1374053955078,200.4427490234375,-191.82443237304688
-250.1374053955078,162.35877990722656,-174.14503479003906
-250.1374053955078,143.5954132080078,-161.7633514404297
-250.1374053955078,125.86259460449219,-147.3511505126953
-248.1908416748047,109.80152893066406,-132.12977600097656
-244.87022399902344,95.42748260498047,-116.54962158203125
-242.64122009277344,82.72518920898438,-102.03816986083984
-241.29006958007812,71.35114288330078,-88.09923553466797
-240.94656372070312,63.0,-75.12213897705078
-240.2366485595703,56.09923553466797,-63.816795349121094
-239.29771423339844,51.832061767578125,-54.06106948852539
-237.42747497558594,49.229007720947266,-45.488548278808594
-229.5572509765625,48.09923553466797,-32.52671813964844
-222.5954132080078,49.389312744140625,-26.793893814086914
-213.73281860351562,50.54198455810547,-21.732824325561523
-203.05343627929688,52.08396911621094,-17.206106185913086
-190.85496520996094,53.213741302490234,-12.984732627868652
-176.1908416748047,53.068702697753906,-8.816793441772461
-161.31297302246094,51.885498046875,-5.137404441833496
-144.4198455810547,49.06106948852539,-1.5801526308059692
-127.59542083740234,45.114501953125,2.2748091220855713
-110.54962158203125,39.885498046875,6.122137546539307
-92.69465637207031,33.19083786010742,10.358778953552246
-59.95419692993164,18.954198837280273,19.076335906982422
-44.19083786010742,10.656488418579102,23.862594604492188
-29.671754837036133,2.396946668624878,28.351144790649414
-16.709922790527344,-6.618320465087891,33.28244400024414
-3.9465649127960205,-15.335877418518066,38.07633590698242
7.572519302368164,-24.648855209350586,43.068702697753906
18.412214279174805,-33.7557258605957,48.23664093017578
28.725191116333008,-43.0,54.404579162597656
39.41221237182617,-53.20610809326172,61.02289962768555
49.2442741394043,-63.80916213989258,69.0457992553711
59.36641311645508,-74.98473358154297,77.7404556274414
69.20610809326172,-86.2977066040039,86.35114288330078
88.19084167480469,-109.5114517211914,103.71755981445312
96.59542083740234,-120.9312973022461,111.38167572021484
105.5114517211914,-132.4198455810547,117.89312744140625
112.87023162841797,-144.03053283691406,124.48091888427734
119.82442474365234,-155.06106567382812,131.0992431640625
126.41221618652344,-165.57252502441406,136.39694213867188
132.62596130371094,-175.5954132080078,140.9236602783203
139.14503479003906,-184.18321228027344,145.6488494873047
145.49618530273438,-191.656494140625,148.87786865234375
151.71755981445312,-198.2519073486328,152.1526641845703
158.1526641845703,-203.39694213867188,154.49618530273438
170.6335906982422,-209.47328186035156,157.50381469726562
176.56488037109375,-211.2366485595703,158.37403869628906
182.0381622314453,-212.7938995361328,159.1374053955078
187.32061767578125,-213.7633514404297,160.50381469726562
192.16030883789062,-214.2137451171875,162.99237060546875
195.6335906982422,-214.56488037109375,165.8473358154297
198.3282470703125,-214.5801544189453,168.8473358154297
200.47328186035156,-213.4045867919922,171.75572204589844
201.77862548828125,-212.12977600097656,174.0915985107422
202.62596130371094,-210.77862548828125,175.5801544189453
203.0763397216797,-209.26718139648438,177.19847106933594
202.22137451171875,-204.77099609375,179.37403869628906
201.98472595214844,-202.18321228027344,179.6335906982422
200.93893432617188,-199.31297302246094,180.42747497558594
199.85496520996094,-196.51144409179688,180.1374053955078
197.17556762695312,-193.27481079101562,179.43511962890625
194.656494140625,-189.6946563720703,178.8473358154297
191.5572509765625,-185.9236602783203,177.4656524658203
187.9618377685547,-182.52671813964844,175.49618530273438
184.87786865234375,-178.8473358154297,173.6335906982422
180.99237060546875,-175.3511505126953,171.5343475341797
177.66412353515625,-171.93893432617188,169.25953674316406
170.77099609375,-164.60305786132812,163.9770965576172
167.0992431640625,-161.04580688476562,161.24427795410156
163.61831665039062,-157.57252502441406,158.19847106933594
160.01527404785156,-154.1908416748047,154.75572204589844
156.33587646484375,-150.4656524658203,150.7862548828125
153.3282470703125,-146.60305786132812,146.14503479003906
149.49618530273438,-141.94656372070312,141.7480926513672
146.8473358154297,-137.17556762695312,136.77099609375
144.71755981445312,-131.6488494873047,131.4198455810547
142.58778381347656,-125.78626251220703,125.57251739501953
140.9618377685547,-119.64885711669922,119.52671813964844
137.45037841796875,-106.69465637207031,106.93893432617188
135.96946716308594,-102.31298065185547,101.38167572021484
133.83969116210938,-99.82442474365234,94.96946716308594
130.50381469726562,-97.9312973022461,88.64122009277344
126.24427795410156,-94.05343627929688,81.84732818603516
122.75572204589844,-88.5572509765625,75.77099609375
120.02290344238281,-82.07633209228516,70.27481079101562
118.30534362792969,-74.23664093017578,65.03053283691406
116.38931274414062,-63.931297302246094,59.152671813964844
113.13740539550781,-52.885498046875,54.30534362792969
109.2595443725586,-42.02289962768555,49.625953674316406
100.78626251220703,-18.03816795349121,40.38167953491211
96.09923553466797,-5.251908302307129,35.77862548828125
92.27481079101562,7.190839767456055,30.167938232421875
88.59542083740234,20.748090744018555,23.35877799987793
84.4427490234375,35.25954055786133,15.19847297668457
79.73282623291016,49.98473358154297,5.648854732513428
74.29007720947266,64.8167953491211,-4.977099418640137
67.4427490234375,79.85496520996094,-16.18320655822754
59.549617767333984,94.05343627929688,-28.137405395507812
50.54198455810547,108.114501953125,-40.007633209228516
41.1297721862793,121.01526641845703,-51.76335906982422
22.54198455810547,145.16793823242188,-75.6030502319336
13.755724906921387,157.5190887451172,-87.64885711669922
4.549618244171143,170.14503479003906,-98.77099609375
-5.8015265464782715,182.89312744140625,-108.9542007446289
-16.137405395507812,195.9236602783203,-118.71755981445312
-27.41984748840332,209.35877990722656,-126.64885711669922
-37.74045944213867,224.2519073486328,-134.4580078125
-48.02289962768555,236.70993041992188,-141.32061767578125
-58.22137451171875,246.9084014892578,-147.3664093017578
-67.93893432617188,250.12977600097656,-151.9084014892578
-76.98473358154297,250.12977600097656,-155.61068725585938
-93.45801544189453,250.12977600097656,-162.83969116210938
-101.4885482788086,250.12977600097656,-166.4198455810547
-109.47328186035156,250.12977600097656,-170.8091583251953
-117.7022933959961,250.12977600097656,-175.2519073486328
-125.82442474365234,250.12977600097656,-179.93130493164062
-134.00762939453125,250.12977600097656,-183.93893432617188
-142.39694213867188,250.12977600097656,-187.1526641845703
-150.3664093017578,250.12977600097656,-190.3053436279297
-157.94656372070312,250.12977600097656,-192.61831665039062
-165.33587646484375,250.12977600097656,-194.22900390625
-171.38168334960938,250.12977600097656,-195.80152893066406
-183.8625946044922,250.12977600097656,-196.5801544189453
-189.42747497558594,248.49618530273438,-196.343505859375
-195.1526641845703,237.03053283691406,-195.08396911621094
-200.5419921875,225.0,-192.3664093017578
-205.9084014892578,213.35877990722656,-189.35877990722656
-211.08396911621094,201.75572204589844,-186.16030883789062
-215.343505859375,191.1908416748047,-181.3664093017578
-219.99237060546875,181.54962158203125,-176.08396911621094
-224.61068725585938,173.45037841796875,-170.83206176757812
-228.9770965576172,167.04580688476562,-165.48855590820312
-232.99237060546875,162.32061767578125,-159.52671813964844
-239.60305786132812,155.9236602783203,-149.0
-242.14503479003906,153.29006958007812,-143.5343475341797
-244.31297302246094,151.45037841796875,-137.4809112548828
-245.7938995361328,149.80152893066406,-130.31297302246094
-247.49618530273438,148.4656524658203,-122.35114288330078
-248.3282470703125,147.1908416748047,-113.03816986083984
-249.71755981445312,146.12977600097656,-103.31298065185547
-250.1374053955078,145.7862548828125,-93.12213897705078
-250.1374053955078,145.51144409179688,-83.53434753417969
-250.1374053955078,145.35877990722656,-74.0
-250.1374053955078,145.47328186035156,-64.99236297607422
-250.1374053955078,147.03053283691406,-50.09923553466797
-250.1374053955078,148.5954132080078,-44.549617767333984
-250.1374053955078,150.93130493164062,-40.7557258605957
-246.17556762695312,153.77862548828125,-38.38167953491211
-240.0992431640625,155.7480926513672,-36.79389190673828
-232.9618377685547,156.58778381347656,-35.8702278137207
-224.4580078125,157.2519073486328,-35.511451721191406
-213.6335906982422,155.64122009277344,-34.67938995361328
-201.8625946044922,151.60305786132812,-33.328243255615234
-189.10687255859375,144.45037841796875,-31.282442092895508
-175.33587646484375,134.343505859375,-27.717557907104492
-146.5343475341797,104.87023162841797,-16.38167953491211
-131.0915985107422,85.96183013916016,-9.41984748840332
-114.90076446533203,63.61832046508789,-0.9770992398262024
-98.75572204589844,39.41221237182617,7.946564674377441
-81.65648651123047,13.893129348754883,17.213741302490234
-63.58778762817383,-12.396946907043457,26.5572509765625
-45.60305404663086,-38.67938995361328,35.488548278808594
-26.992366790771484,-64.114501953125,43.274810791015625
-8.503816604614258,-89.6717529296875,50.20610809326172
9.267175674438477,-114.61832427978516,57.267173767089844
26.251909255981445,-139.12213134765625,64.50381469726562
42.656490325927734,-163.12977600097656,72.25190734863281
71.36640930175781,-209.9084014892578,89.29007720947266
83.8167953491211,-232.81678771972656,97.32061004638672
94.8167953491211,-250.1374053955078,104.87786102294922
105.16793823242188,-250.1374053955078,111.16793823242188
113.97709655761719,-250.1374053955078,116.35877990722656
121.66412353515625,-250.1374053955078,120.69465637207031
128.01527404785156,-250.1374053955078,124.1832046508789
134.48855590820312,-250.1374053955078,127.36640930175781
139.22900390625,-250.1374053955078,129.00762939453125
143.4580078125,-250.1374053955078,129.8091583251953
147.48855590820312,-250.1374053955078,129.08396911621094
153.60305786132812,-250.1374053955078,124.09160614013672
155.9770965576172,-250.1374053955078,120.2977066040039
158.32061767578125,-250.1374053955078,116.58015441894531
160.56488037109375,-250.1374053955078,113.4885482788086
161.8473358154297,-250.1374053955078,110.71755981445312
163.16793823242188,-250.1374053955078,108.06106567382812
163.9618377685547,-250.1374053955078,106.12213897705078
163.5419921875,-250.1374053955078,104.09160614013672
162.9236602783203,-250.1374053955078,102.3740463256836
161.49618530273438,-250.1374053955078,100.45801544189453
158.5572509765625,-250.1374053955078,97.67938995361328
150.49618530273438,-250.1374053955078,91.61068725585938
144.51144409179688,-250.1374053955078,87.56488800048828
139.32061767578125,-250.1374053955078,83.68701934814453
134.33587646484375,-250.1374053955078,80.0687026977539
129.4809112548828,-250.1374053955078,76.96183013916016
125.19847106933594,-250.1374053955078,73.90839385986328
120.96183013916016,-250.1374053955078,71.35877990722656
117.35877990722656,-250.1374053955078,68.38931274414062
113.5572509765625,-250.1374053955078,65.3282470703125
110.31298065185547,-250.1374053955078,62.42748260498047
107.24427795410156,-250.1374053955078,59.25190734863281
101.89312744140625,-250.1374053955078,51.114501953125
98.1832046508789,-250.1374053955078,46.06106948852539
93.35877990722656,-250.1374053955078,41.08396911621094
85.61832427978516,-250.1374053955078,35.1984748840332
76.67938995361328,-250.1374053955078,28.389312744140625
67.9542007446289,-250.1374053955078,23.5572509765625
60.12213897705078,-250.1374053955078,21.282442092895508
53.656490325927734,-250.1374053955078,20.786258697509766
48.8702278137207,-250.1374053955078,20.610687255859375
45.229007720947266,-249.61068725585938,19.0
41.64885330200195,-232.9007568359375,16.488550186157227
30.87786293029785,-195.61831665039062,7.099236488342285
23.427480697631836,-175.48855590820312,1.5190839767456055
14.770992279052734,-154.25953674316406,-4.335877895355225
5.29007625579834,-132.85496520996094,-10.106870651245117
-4.396946430206299,-110.59542083740234,-15.687023162841797
-13.946564674377441,-87.65648651123047,-20.83969497680664
-23.23664093017578,-63.46564865112305,-25.282442092895508
-33.03816604614258,-37.03816604614258,-30.290077209472656
-42.610687255859375,-8.679388999938965,-35.671756744384766
-51.66412353515625,21.22137451171875,-41.28244400024414
-60.786258697509766,53.16030502319336,-47.60305404663086
-76.58778381347656,121.2595443725586,-61.58015441894531
-83.5572509765625,157.32061767578125,-68.94656372070312
-89.93893432617188,194.61831665039062,-75.59542083740234
-96.43511199951172,232.16793823242188,-82.56488800048828
-103.2595443725586,250.12977600097656,-89.10687255859375
-109.93893432617188,250.12977600097656,-95.26717376708984
-117.08396911621094,250.12977600097656,-101.7404556274414
-123.42748260498047,250.12977600097656,-107.43511199951172
-128.81678771972656,250.12977600097656,-112.5572509765625
-134.06869506835938,250.12977600097656,-116.85496520996094
-137.61068725585938,250.12977600097656,-119.42748260498047
-144.39694213867188,250.12977600097656,-119.73282623291016
-147.8091583251953,250.12977600097656,-117.91603088378906
-151.72518920898438,250.12977600097656,-114.69465637207031
-156.58778381347656,250.12977600097656,-110.29007720947266
-161.87786865234375,250.12977600097656,-105.0457992553711
-167.56488037109375,250.12977600097656,-99.20610809326172
-174.2519073486328,250.12977600097656,-93.08396911621094
-180.4580078125,250.12977600097656,-86.45037841796875
-187.10687255859375,250.12977600097656,-79.12213897705078
-192.38931274414062,250.12977600097656,-72.0
-196.6946563720703,250.12977600097656,-64.47328186035156
-202.29771423339844,250.12977600097656,-52.007633209228516
-203.1908416748047,250.12977600097656,-47.404579162597656
-202.3053436279297,250.12977600097656,-44.36641311645508
-200.14503479003906,250.12977600097656,-42.816795349121094
-196.6488494873047,250.12977600097656,-43.23664093017578
-192.45037841796875,250.12977600097656,-44.946563720703125
-187.01527404785156,250.12977600097656,-47.93893051147461
-180.56488037109375,250.12977600097656,-52.41984558105469
-172.16030883789062,250.12977600097656,-57.1984748840332
-161.99237060546875,250.12977600097656,-62.17557144165039
-149.93130493164062,250.12977600097656,-65.41221618652344
-120.03053283691406,250.12977600097656,-68.84732818603516
-102.31298065185547,250.12977600097656,-67.96183013916016
-84.54962158203125,250.12977600097656,-65.43511199951172
-65.71755981445312,218.24427795410156,-61.732826232910156
-46.58015441894531,166.70228576660156,-56.671756744384766
-28.076335906982422,111.5114517211914,-50.47328186035156
-9.496183395385742,53.58778762817383,-43.328243255615234
8.51145076751709,-7.007633686065674,-35.549617767333984
25.908397674560547,-67.58015441894531,-27.755725860595703
42.79389190673828,-127.00763702392578,-20.190839767456055
58.20610809326172,-184.0229034423828,-13.167939186096191
85.33587646484375,-250.1374053955078,-2.1908397674560547
96.63359069824219,-250.1374053955078,2.5954198837280273
106.26717376708984,-250.1374053955078,6.450381755828857
114.2595443725586,-250.1374053955078,10.320611000061035
120.48091888427734,-250.1374053955078,13.748091697692871
126.09923553466797,-250.1374053955078,15.87022876739502
130.70993041992188,-250.1374053955078,17.854961395263672
134.52671813964844,-250.1374053955078,19.4427490234375
137.8091583251953,-250.1374053955078,20.244274139404297
140.14503479003906,-250.1374053955078,20.770992279052734
142.0381622314453,-250.1374053955078,21.18320655822754
143.6335906982422,-250.1374053955078,20.54198455810547
143.6946563720703,-250.1374053955078,19.87786293029785
143.26718139648438,-250.1374053955078,18.81679344177246
141.95419311523438,-250.1374053955078,17.56488609313965
140.0381622314453,-250.1374053955078,15.564885139465332
137.73281860351562,-250.1374053955078,13.770992279052734
134.2061004638672,-250.1374053955078,12.786259651184082
130.2366485595703,-250.1374053955078,12.053435325622559
125.68701934814453,-250.1374053955078,12.496183395385742
120.31298065185547,-250.1374053955078,14.259541511535645
114.02290344238281,-250.1374053955078,16.23664093017578
101.5114517211914,-250.1374053955078,20.35877799987793
94.48091888427734,-250.1374053955078,23.083969116210938
86.56488800048828,-250.1374053955078,26.770992279052734
78.59542083740234,-250.1374053955078,31.503816604614258
71.06106567382812,-250.1374053955078,38.404579162597656
63.3129768371582,-250.1374053955078,47.885498046875
56.09160232543945,-250.1374053955078,59.885498046875
47.328243255615234,-250.1374053955078,71.43511199951172
36.04580307006836,-250.1374053955078,78.99236297607422
22.671754837036133,-221.51144409179688,83.96183013916016
8.045801162719727,-184.58778381347656,85.4885482788086
-7.541984558105469,-146.52671813964844,84.61068725585938
-40.53435134887695,-62.51908493041992,73.9542007446289
-56.35114669799805,-17.923664093017578,65.46565246582031
-70.6259536743164,26.725191116333008,55.95419692993164
-82.71755981445312,70.93893432617188,46.35114669799805
-92.96946716308594,114.24427795410156,36.770992279052734
-101.56488800048828,155.64122009277344,28.43511390686035
-108.08396911621094,195.51144409179688,20.389312744140625
-113.6259536743164,232.98472595214844,13.480916023254395
-118.53434753417969,250.12977600097656,7.85496187210083
-122.5572509765625,250.12977600097656,3.1297709941864014
-126.38167572021484,250.12977600097656,-0.572519063949585
-134.4427490234375,250.12977600097656,-7.038167953491211
-138.70228576660156,250.12977600097656,-10.641221046447754
-142.08396911621094,250.12977600097656,-14.595419883728027
-145.0915985107422,250.12977600097656,-19.5572509765625
-147.80152893066406,250.12977600097656,-25.02290153503418
-150.27481079101562,250.12977600097656,-29.98473358154297
-152.2519073486328,250.12977600097656,-34.48091506958008
-153.68702697753906,250.12977600097656,-38.58015441894531
-155.343505859375,250.12977600097656,-41.60305404663086
-156.66412353515625,250.12977600097656,-43.610687255859375
-157.2061004638672,250.12977600097656,-45.343509674072266
-156.8091583251953,250.12977600097656,-46.03053283691406
-155.87022399902344,250.12977600097656,-45.389312744140625
-154.54962158203125,250.12977600097656,-44.770992279052734
-152.9084014892578,250.12977600097656,-44.053436279296875
-150.93130493164062,250.12977600097656,-43.80916213989258
-148.48855590820312,250.12977600097656,-44.03053283691406
-145.66412353515625,250.12977600097656,-44.007633209228516
-142.22900390625,250.12977600097656,-44.8702278137207
-138.01527404785156,250.12977600097656,-46.1984748840332
-133.43511962890625,250.12977600097656,-47.12213897705078
-129.0229034423828,250.12977600097656,-48.343509674072266
-118.51908111572266,250.12977600097656,-49.564884185791016
-113.00763702392578,250.12977600097656,-49.549617767333984
-107.2977066040039,250.12977600097656,-49.30534362792969
-101.0687026977539,250.12977600097656,-48.267173767089844
-95.2977066040039,250.12977600097656,-46.32061004638672
-89.20610809326172,245.7633514404297,-43.92366409301758
-82.58778381347656,216.38931274414062,-40.90076446533203
-76.02290344238281,185.14503479003906,-37.54198455810547
-68.99236297607422,153.0229034423828,-33.671756744384766
-61.3129768371582,120.24427795410156,-30.488550186157227
-53.343509674072266,87.86259460449219,-26.832061767578125
-37.19083786010742,22.206106185913086,-19.931297302246094
-29.030534744262695,-9.297709465026855,-16.48091697692871
-21.16030502319336,-39.85496139526367,-12.725191116333008
-13.48854923248291,-69.13740539550781,-8.412213325500488
-6.748091697692871,-96.07633209228516,-3.969465732574463
-0.6870229244232178,-120.63359069824219,0.2977099120616913
5.076335906982422,-142.1908416748047,4.297709941864014
9.625954627990723,-160.22137451171875,7.458015441894531
13.343511581420898,-175.57252502441406,10.190839767456055
16.87786293029785,-187.6717529296875,12.67175579071045
20.19847297668457,-197.3664093017578,15.183206558227539
26.175573348999023,-209.8091583251953,18.717557907104492
29.213741302490234,-213.74046325683594,20.175573348999023
34.328243255615234,-215.62596130371094,19.916030883789062
38.47328186035156,-213.95419311523438,18.01526641845703
39.58778762817383,-209.08396911621094,16.167938232421875
37.786258697509766,-202.4580078125,14.244275093078613
35.09160232543945,-196.4198455810547,12.77862548828125
32.98473358154297,-190.343505859375,11.572519302368164
32.16030502319336,-184.2061004638672,10.717556953430176
32.709922790527344,-178.8091583251953,10.259541511535645
35.13740539550781,-173.94656372070312,9.687023162841797
40.60305404663086,-165.5343475341797,8.022900581359863
42.656490325927734,-162.39694213867188,7.549618244171143
43.656490325927734,-160.16793823242188,7.27480936050415
43.96946716308594,-158.62596130371094,7.7633585929870605
43.25954055786133,-157.9236602783203,9.22137451171875
42.12213897705078,-157.0763397216797,11.442748069763184
40.007633209228516,-156.26718139648438,14.351144790649414
37.732826232910156,-154.3664093017578,17.687023162841797
35.053436279296875,-151.38168334960938,21.23664093017578
32.786258697509766,-146.82443237304688,25.251909255981445
30.465648651123047,-140.4427490234375,27.832061767578125
25.40458106994629,-121.76335906982422,31.152671813964844
22.793893814086914,-109.64122009277344,31.671754837036133
20.465648651123047,-96.13740539550781,31.328245162963867
18.267175674438477,-80.93893432617188,30.39694595336914
15.603053092956543,-65.05343627929688,28.648855209350586
13.259541511535645,-48.1297721862793,26.854961395263672
10.946564674377441,-31.4427490234375,24.969465255737305
8.007633209228516,-14.687023162841797,22.809160232543945
4.862595558166504,1.503816843032837,21.328245162963867
1.9770991802215576,16.862594604492188,19.465648651123047
-0.9465649127960205,31.22137451171875,17.625953674316406
-7.389312744140625,56.1297721862793,13.389312744140625
-10.366412162780762,67.0457992553711,10.603053092956543
-13.374045372009277,76.80152893066406,8.175572395324707
-16.427480697631836,85.58015441894531,5.870229244232178
-19.41984748840332,93.34351348876953,3.3435113430023193
-22.351144790649414,99.8167953491211,1.3282443284988403
-24.58015251159668,105.114501953125,-0.015267175622284412
-27.0992374420166,108.59542083740234,-1.412213683128357
-29.389312744140625,110.54198455810547,-2.3664121627807617
-31.824426651000977,111.70992279052734,-2.4809160232543945
-34.068702697753906,111.78626251220703,-1.8854961395263672
-39.54198455810547,110.19084167480469,0.030534351244568825
-42.16030502319336,108.43511199951172,1.7786259651184082
-44.69465637207031,107.20610809326172,3.3664121627807617
-46.97710037231445,105.21373748779297,4.938931465148926
-49.57251739501953,103.3740463256836,7.030534267425537
-51.564884185791016,100.84732818603516,8.442748069763184
-53.13740539550781,97.73282623291016,10.48854923248291
-54.450382232666016,94.87786102294922,12.396946907043457
-56.46564865112305,91.94656372070312,15.076335906982422
-58.25190734863281,89.25190734863281,17.38167953491211
-60.51908493041992,87.51908111572266,19.954198837280273
-65.59542083740234,86.7022933959961,22.923664093017578
-68.3740463256836,88.7404556274414,23.625953674316406
-71.42748260498047,92.07633209228516,23.98473358154297
-74.5572509765625,97.00763702392578,23.98473358154297
-77.49618530273438,102.92366790771484,23.4427490234375
-80.78626251220703,109.90076446533203,22.76335906982422
-84.14503479003906,117.92366790771484,21.832061767578125
-87.51908111572266,126.5572509765625,20.770992279052734
-90.68701934814453,135.6488494873047,19.702289581298828
-94.10687255859375,144.48855590820312,18.61832046508789
-96.90839385986328,153.43511962890625,17.473281860351562
-100.10687255859375,161.6946563720703,16.702289581298828
-105.43511199951172,177.12213134765625,15.916030883789062
-108.20610809326172,182.93893432617188,15.145038604736328
-111.08396911621094,188.3664093017578,14.366412162780762
-113.87023162841797,192.8091583251953,13.702290534973145
-116.32061004638672,196.99237060546875,12.51145076751709
-118.82442474365234,200.0992431640625,11.351144790649414
-120.17557525634766,202.87022399902344,9.503816604614258
-121.87023162841797,204.7480926513672,7.900763511657715
-122.79389190673828,206.3282470703125,6.3053436279296875
-123.5572509765625,207.73281860351562,3.9389312267303467
-123.97709655761719,209.16030883789062,1.9694656133651733
-123.24427795410156,211.73281860351562,-3.3129770755767822
-122.09160614013672,213.4427490234375,-6.076335906982422
-120.67938995361328,214.89312744140625,-8.893129348754883
-118.80152893066406,216.50381469726562,-12.015267372131348
-116.50381469726562,217.58778381347656,-15.007633209228516
-114.25190734863281,217.94656372070312,-17.916030883789062
-110.91603088378906,217.41221618652344,-21.06106948852539
-107.80915832519531,216.17556762695312,-23.625953674316406
-104.19847106933594,212.70228576660156,-25.847328186035156
-100.16793823242188,207.9618377685547,-27.59541893005371
-95.77099609375,201.54962158203125,-29.114503860473633
-86.0457992553711,183.00762939453125,-31.97709846496582
-80.07633209228516,171.3053436279297,-32.51908493041992
-74.7022933959961,157.99237060546875,-33.01526641845703
-69.26717376708984,143.51144409179688,-32.96946716308594
-63.80916213989258,128.05343627929688,-32.7557258605957
-57.992366790771484,111.80152893066406,-31.931297302246094
-52.38167953491211,94.6259536743164,-30.885496139526367
-46.7557258605957,77.0,-29.671754837036133
-41.328243255615234,59.09160232543945,-28.4427490234375
-36.25954055786133,40.67938995361328,-26.58015251159668
-30.687023162841797,22.77862548828125,-24.389312744140625
-20.64122200012207,-13.076335906982422,-18.67938995361328
-16.145038604736328,-29.587785720825195,-15.282443046569824
-11.541984558105469,-45.41221237182617,-11.694656372070312
-7.320610523223877,-60.08396911621094,-7.8015265464782715
-3.5267176628112793,-73.87786102294922,-4.068702220916748
-0.221374049782753,-86.78626251220703,-0.3664122223854065
2.85496187210083,-98.3282470703125,2.9389312267303467
5.633587837219238,-108.64122009277344,5.984732627868652
8.007633209228516,-117.59542083740234,8.90839672088623
10.015267372131348,-124.79389190673828,10.893129348754883
11.763359069824219,-131.0763397216797,12.770992279052734
14.4503812789917,-138.35877990722656,13.961832046508789
15.48854923248291,-140.29771423339844,13.58015251159668
16.290077209472656,-140.9007568359375,12.656488418579102
16.786258697509766,-141.10687255859375,11.442748069763184
16.969465255737305,-140.14503479003906,10.847328186035156
17.38167953491211,-138.71755981445312,9.77862548828125
17.48091697692871,-136.95419311523438,8.954198837280273
16.908397674560547,-134.656494140625,8.41984748840332
16.98473358154297,-132.06869506835938,7.85496187210083
16.534351348876953,-129.60305786132812,7.526717662811279
15.862595558166504,-126.78626251220703,7.488549709320068
14.343511581420898,-120.72518920898438,6.847328186035156
13.320611000061035,-117.6717529296875,6.832061290740967
12.61832046508789,-114.26717376708984,6.740458011627197
11.51145076751709,-110.71755981445312,6.458015441894531
10.122137069702148,-107.12213897705078,6.72519063949585
8.702290534973145,-103.09160614013672,6.351145267486572
7.427480697631836,-98.75572204589844,6.320610523223877
6.450381755828857,-94.50381469726562,6.14503812789917
4.664122104644775,-89.51908111572266,6.2366414070129395
3.0610687732696533,-84.30534362792969,6.503816604614258
2.0916030406951904,-78.79389190673828,6.106870174407959
-0.4885496199131012,-66.22900390625,6.6946563720703125
-1.9236640930175781,-59.488548278808594,6.931297779083252
-2.85496187210083,-52.213741302490234,6.503816604614258
-4.343511581420898,-45.09923553466797,6.687022686004639
-5.557251930236816,-38.35877990722656,6.41984748840332
-7.251908302307129,-31.335878372192383,6.358778476715088
-8.122137069702148,-24.824426651000977,5.946564674377441
-9.564885139465332,-18.496183395385742,5.381679534912109
-10.725191116333008,-12.786259651184082,5.083969593048096
-12.29007625579834,-7.5190839767456055,4.5190839767456055
-13.183206558227539,-2.4809160232543945,4.022900581359863
-15.183206558227539,6.099236488342285,2.4503817558288574
-16.32061004638672,9.77862548828125,1.7557251453399658
-17.16030502319336,13.29007625579834,0.8167939186096191
-17.98473358154297,16.56488609313965,0.030534351244568825
-18.54198455810547,19.687023162841797,-0.3664122223854065
-19.496183395385742,22.251909255981445,-1.0839694738388062
-20.145038604736328,25.488550186157227,-1.1679389476776123
-20.824426651000977,28.106870651245117,-1.5954198837280273
-21.511449813842773,31.25954246520996,-1.5190839767456055
-22.0,33.96946716308594,-1.9541984796524048
-22.190839767456055,36.46564865112305,-2.2748091220855713
-22.870229721069336,40.35114669799805,-3.076335906982422
-23.106870651245117,41.64885330200195,-3.3129770755767822
-23.56488609313965,42.656490325927734,-3.320610761642456
-23.534351348876953,43.12213897705078,-3.2748091220855713
-23.02290153503418,42.49618148803711,-2.9389312267303467
-22.725191116333008,41.98473358154297,-2.8015267848968506
-22.305343627929688,40.25954055786133,-2.3129770755767822
-22.114503860473633,38.290077209472656,-2.007633686065674
-21.748090744018555,35.893131256103516,-1.7938930988311768
-21.068702697753906,33.58015441894531,-1.5572519302368164
-20.648855209350586,30.625953674316406,-1.0687023401260376
-19.145038604736328,24.572519302368164,-1.3435114622116089
-18.3435115814209,21.32061004638672,-1.389312982559204
-17.702289581298828,18.38167953491211,-1.8625954389572144
-16.625953674316406,15.114503860473633,-2.14503812789917
-16.0992374420166,12.389312744140625,-1.5954198837280273
-15.587786674499512,9.679388999938965,-1.7099236249923706
-15.09160327911377,6.938931465148926,-2.1221373081207275
-14.343511581420898,4.351145267486572,-2.0229008197784424
-13.374045372009277,2.0229008197784424,-1.961832046508789
-12.458015441894531,-0.3206106722354889,-2.0458016395568848
-11.557251930236816,-2.893129825592041,-2.137404680252075
-9.877862930297852,-7.503816604614258,-1.8320610523223877
-9.458015441894531,-9.824427604675293,-1.6870229244232178
-9.251908302307129,-12.045801162719727,-1.4809160232543945
-8.664122581481934,-14.145038604736328,-1.0458015203475952
-8.58015251159668,-16.687023162841797,-0.6488549709320068
-8.90839672088623,-18.786258697509766,-0.1450381726026535
-9.114503860473633,-20.77862548828125,0.038167938590049744
-8.793892860412598,-22.76335906982422,0.16030533611774445
-9.251908302307129,-24.305343627929688,0.06870228797197342
-9.442748069763184,-25.854961395263672,0.221374049782753
-9.748091697692871,-26.74045753479004,-0.007633587811142206
-10.206107139587402,-27.847328186035156,-0.8549618124961853
-10.267175674438477,-28.068702697753906,-1.3664121627807617
-10.80152702331543,-27.9007625579834,-1.8854961395263672
-11.267175674438477,-27.137405395507812,-2.5954198837280273
-12.236640930175781,-26.045801162719727,-3.030534267425537
-13.09160327911377,-24.67938995361328,-3.4732823371887207
-13.564885139465332,-23.297710418701172,-3.572519063949585
-14.389312744140625,-21.862594604492188,-4.282442569732666
-15.244275093078613,-20.175573348999023,-4.6259541511535645
-15.90839672088623,-18.213741302490234,-4.85496187210083
-16.709922790527344,-16.58015251159668,-5.175572395324707
-17.389312744140625,-14.763359069824219,-5.41984748840332
-18.465648651123047,-10.541984558105469,-5.465648651123047
-18.916030883789062,-8.732824325561523,-5.389312744140625
-19.702289581298828,-6.396946430206299,-5.610687255859375
-20.129770278930664,-3.6564886569976807,-6.068702220916748
-20.923664093017578,-1.4885495901107788,-6.885496139526367
-20.98473358154297,1.3587785959243774,-7.526717662811279
-20.97709846496582,4.175572395324707,-8.083969116210938
-21.41984748840332,6.496183395385742,-8.862595558166504
-21.709922790527344,9.068702697753906,-9.38167953491211
-22.366413116455078,10.755724906921387,-10.061068534851074
-22.572519302368164,13.122137069702148,-9.977099418640137
-23.114503860473633,15.854961395263672,-9.862595558166504
-23.717557907104492,17.0,-9.90839672088623
-23.87786293029785,17.67938995361328,-9.38167953491211
-24.45801544189453,18.56488609313965,-8.572519302368164
-24.770992279052734,18.366413116455078,-8.213740348815918
-24.916030883789062,18.6564884185791,-7.3053436279296875
-24.870229721069336,18.366413116455078,-6.9083967208862305
-24.847328186035156,17.832061767578125,-6.618320465087891
-24.824426651000977,17.725191116333008,-5.984732627868652
-24.59541893005371,17.106870651245117,-5.717557430267334
-24.687023162841797,16.5572509765625,-5.748091697692871
-24.916030883789062,16.549617767333984,-6.053435325622559
-25.43511390686035,17.312976837158203,-7.007633686065674
-26.923664093017578,18.412214279174805,-8.297709465026855
-28.824426651000977,20.18320655822754,-9.824427604675293
-30.083969116210938,21.832061767578125,-11.229007720947266
-31.366413116455078,24.02290153503418,-12.259541511535645
-32.007633209228516,26.488550186157227,-13.595419883728027
-32.8702278137207,29.282442092895508,-14.67175579071045
-34.08396911621094,32.13740539550781,-15.656488418579102
-35.167938232421875,35.343509674072266,-16.969465255737305
-35.66412353515625,38.1297721862793,-17.93893051147461
-35.946563720703125,42.51908493041992,-19.076335906982422
-36.16030502319336,44.17557144165039,-19.206106185913086
-36.02289962768555,45.41221237182617,-18.946565628051758
-36.70228958129883,46.33587646484375,-18.61832046508789
-36.71755599975586,46.96946716308594,-18.145038604736328
-37.1297721862793,47.114501953125,-17.23664093017578
-37.64122009277344,47.09160232543945,-16.496183395385742
-37.70228958129883,46.786258697509766,-15.664122581481934
-38.41221237182617,46.74045944213867,-15.229007720947266
-38.389312744140625,46.02289962768555,-14.404580116271973
-38.450382232666016,45.35877990722656,-13.61832046508789
-38.274810791015625,43.90076446533203,-11.793892860412598
-38.19083786010742,43.374046325683594,-11.122137069702148
-37.22137451171875,42.267173767089844,-10.343511581420898
-36.70228958129883,41.60305404663086,-9.687023162841797
-35.64122009277344,41.08396911621094,-9.496183395385742
-34.74809265136719,39.90076446533203,-9.152671813964844
-33.488548278808594,38.63358688354492,-8.389312744140625
-32.03816604614258,37.51908493041992,-7.916030406951904
-30.450382232666016,36.404579162597656,-7.183206081390381
-28.98473358154297,35.3129768371582,-6.610687255859375
-27.54198455810547,33.77862548828125,-6.442748069763184
-24.32061004638672,31.45801544189453,-5.6259541511535645
-22.992366790771484,29.6564884185791,-4.946564674377441
-21.946565628051758,27.97709846496582,-4.488549709320068
-20.54198455810547,26.549617767333984,-3.8015267848968506
-19.48091697692871,24.625953674316406,-3.5114502906799316
-18.175573348999023,22.633586883544922,-3.183206081390381
-16.854961395263672,21.114503860473633,-2.931297779083252
-15.80152702331543,19.610687255859375,-2.4122138023376465
-14.80152702331543,17.473281860351562,-2.320610761642456
-14.083969116210938,16.22137451171875,-1.7862595319747925
-12.687023162841797,14.38167953491211,-1.8473281860351562
-11.374045372009277,11.442748069763184,-1.0687023401260376
-10.679388999938965,10.427480697631836,-1.0610686540603638
-10.09160327911377,9.015267372131348,-1.1755725145339966
-10.167939186096191,8.068702697753906,-0.7557252049446106
-9.641221046447754,7.076335906982422,-0.3129771053791046
-9.251908302307129,6.72519063949585,-0.6412213444709778
-9.244275093078613,6.267175674438477,-0.5954198241233826
-9.458015441894531,6.129770755767822,-0.6488549709320068
-9.267175674438477,6.29007625579834,-0.7022900581359863
-9.80152702331543,6.870229244232178,-1.1832060813903809
-9.992366790771484,7.862595558166504,-0.8320610523223877
-10.480916023254395,10.503816604614258,-1.9465649127960205
-10.793892860412598,12.4503812789917,-2.778625965118408
-11.396946907043457,14.458015441894531,-3.7251908779144287
-12.206107139587402,16.610687255859375,-4.160305500030518
-13.152671813964844,19.007633209228516,-5.29007625579834
-14.076335906982422,21.312976837158203,-6.312977313995361
-14.77862548828125,23.83969497680664,-7.167938709259033
-15.770992279052734,25.755725860595703,-7.900763511657715
-16.725191116333008,28.58015251159668,-8.396946907043457
-17.687023162841797,30.48091697692871,-9.122137069702148
-18.793893814086914,32.7557258605957,-9.862595558166504
-21.48091697692871,36.98473358154297,-10.61832046508789
-23.030534744262695,39.06106948852539,-10.343511581420898
-24.98473358154297,40.725189208984375,-10.183206558227539
-27.290077209472656,42.60305404663086,-9.770992279052734
-29.923664093017578,44.25190734863281,-9.106870651245117
-32.274810791015625,45.90839767456055,-7.862595558166504
-34.91603088378906,47.167938232421875,-6.85496187210083
-37.35877990722656,48.28244400024414,-4.832061290740967
-40.2442741394043,49.4427490234375,-3.4809160232543945
-43.33587646484375,50.97710037231445,-1.7022900581359863
-46.80916213989258,51.95419692993164,0.007633587811142206
-54.41221237182617,53.69465637207031,3.6641221046447754
-59.007633209228516,54.343509674072266,5.389312744140625
-63.725189208984375,55.29771041870117,6.610687255859375
-68.92366790771484,56.832061767578125,7.381679534912109
-75.08396911621094,59.41984558105469,7.847328186035156
-81.30534362792969,62.274810791015625,7.671755790710449
-88.42748260498047,65.24427795410156,7.335877895355225
-96.64122009277344,67.3282470703125,7.755725383758545
-106.9542007446289,63.3129768371582,8.763359069824219
-16.98473358154297,-85.86259460449219,43.30534362792969
11.41984748840332,-40.45801544189453,56.76335906982422
16.175573348999023,-36.47328186035156,44.96183395385742
13.29007625579834,-33.152671813964844,36.60305404663086
11.396946907043457,-30.282442092895508,28.526718139648438
9.19847297668457,-23.702289581298828,21.106870651245117
8.236640930175781,-16.167938232421875,15.106870651245117
8.152671813964844,-10.442748069763184,11.244275093078613
7.687022686004639,-4.770992279052734,9.435114860534668
7.030534267425537,-0.7938931584358215,8.541984558105469
5.992366313934326,3.6335878372192383,8.824427604675293
5.167938709259033,4.603053569793701,9.038167953491211
4.870229244232178,5.839694499969482,8.90839672088623
5.099236488342285,6.320610523223877,9.22137451171875
4.885496139526367,5.618320465087891,9.48854923248291
4.5190839767456055,5.2366414070129395,9.648855209350586
4.427480697631836,3.396946668624878,10.656488418579102
4.839694499969482,2.0458016395568848,11.12977123260498
4.4809160232543945,0.1450381726026535,11.90839672088623
4.72519063949585,-1.2748091220855713,13.068702697753906
5.114503860473633,-2.641221284866333,13.969465255737305
5.167938709259033,-3.862595319747925,14.931297302246094
5.473282337188721,-4.877862453460693,15.770992279052734
5.41984748840332,-6.061068534851074,16.4427490234375
5.755725383758545,-7.083969593048096,17.35877799987793
5.633587837219238,-7.870229244232178,17.97709846496582
5.923664093017578,-8.061068534851074,17.59541893005371
5.748091697692871,-8.015267372131348,17.206106185913086
6.175572395324707,-7.85496187210083,17.068702697753906
6.610687255859375,-7.702290058135986,16.251909255981445
6.351145267486572,-8.167939186096191,15.633587837219238
6.70992374420166,-7.862595558166504,15.137404441833496
6.946564674377441,-7.450381755828857,14.877862930297852
7.541984558105469,-7.755725383758545,14.061068534851074
7.839694499969482,-7.58015251159668,13.389312744140625
8.076335906982422,-7.320610523223877,12.931297302246094
8.877862930297852,-6.732824325561523,11.282443046569824
8.83969497680664,-6.259541988372803,10.557251930236816
8.832060813903809,-6.213740348815918,9.938931465148926
8.496183395385742,-5.870229244232178,9.496183395385742
8.41984748840332,-5.641221523284912,9.809160232543945
7.9083967208862305,-5.534351348876953,9.679388999938965
7.511450290679932,-5.366412162780762,9.351144790649414
7.450381755828857,-5.160305500030518,9.473282814025879
7.152671813964844,-5.068702220916748,9.41984748840332
6.923664093017578,-5.41984748840332,9.114503860473633
7.0,-5.984732627868652,8.366412162780762
7.122137546539307,-7.213740348815918,6.389312744140625
7.610687255859375,-7.343511581420898,5.648854732513428
7.786259651184082,-7.358778476715088,5.022900581359863
8.083969116210938,-7.786259651184082,4.4122138023376465
7.717557430267334,-8.229007720947266,3.9541983604431152
7.068702220916748,-8.519083976745605,3.7251908779144287
6.572519302368164,-8.770992279052734,3.9083969593048096
6.43511438369751,-9.0,4.656488418579102
6.633587837219238,-9.458015441894531,4.870229244232178
6.702290058135986,-9.427480697631836,4.526717662811279
5.72519063949585,-9.09160327911377,4.389312744140625
5.549618244171143,-6.870229244232178,5.7633585929870605
5.755725383758545,-5.595419883728027,6.633587837219238
5.366412162780762,-5.221374034881592,6.885496139526367
4.862595558166504,-5.335877895355225,6.58015251159668
4.4809160232543945,-5.14503812789917,5.984732627868652
3.8702290058135986,-4.549618244171143,5.656488418579102
3.427480936050415,-3.8473281860351562,4.717557430267334
2.5954198837280273,-3.244274854660034,4.6946563720703125
2.14503812789917,-2.0992367267608643,3.9083969593048096
1.427480936050415,-1.229007601737976,4.083969593048096
0.885496199131012,-0.5496183037757874,4.2366414070129395
-0.7099236845970154,-0.9236640930175781,4.206106662750244
-1.4198473691940308,-0.6717557311058044,4.389312744140625
-1.9923664331436157,-0.39694657921791077,4.190839767456055
-2.7328243255615234,0.6030534505844116,4.473282337188721
-2.5954198837280273,0.9160305261611938,3.824427366256714
-2.6641221046447754,1.4503816366195679,3.5877861976623535
-3.007633686065674,1.732824444770813,2.6870229244232178
-3.435114622116089,2.534351110458374,1.9083969593048096
-3.328244209289551,3.1908397674560547,1.412213683128357
-3.648854970932007,3.358778715133667,0.885496199131012
-3.603053331375122,3.3129770755767822,0.49618321657180786
-3.5572519302368164,2.8702290058135986,0.05343511328101158
-3.610687017440796,3.0,-0.25954198837280273
-3.4809160232543945,2.4503817558288574,-0.038167938590049744
-3.0,2.4045801162719727,-0.12977099418640137
-3.0839693546295166,1.8244274854660034,-0.25954198837280273
-2.8320610523223877,1.0458015203475952,0.16030533611774445
-2.3740458488464355,0.45038166642189026,0.09160305559635162
-2.2290077209472656,0.1450381726026535,-0.23664122819900513
-1.9007633924484253,-0.8320610523223877,-0.4198473393917084
-1.2137404680252075,-1.160305380821228,-0.19847328960895538
-1.572519063949585,-1.496183156967163,-0.38167938590049744
-1.0534350872039795,-1.7175573110580444,-0.6641221642494202
-0.9236640930175781,-2.1984732151031494,-1.0305343866348267
-0.847328245639801,-2.496183156967163,-1.465648889541626
-1.106870174407959,-2.8015267848968506,-1.4809160232543945
-1.5114504098892212,-3.1908397674560547,-1.7404580116271973
-1.0152671337127686,-3.580152750015259,-2.3358778953552246
-0.9083969593048096,-3.7328243255615234,-2.8091602325439453
-0.6183205842971802,-4.167938709259033,-2.931297779083252
-0.038167938590049744,-4.328244209289551,-3.076335906982422
0.19083969295024872,-4.458015441894531,-3.641221284866333
1.0305343866348267,-4.572519302368164,-3.9541983604431152
2.7022900581359863,-5.0916032791137695,-5.053435325622559
4.251908302307129,-5.4809160232543945,-5.931297779083252
6.732824325561523,-5.5190839767456055,-7.465648651123047
7.786259651184082,-8.587786674499512,-9.442748069763184
-12.984732627868652,-13.175572395324707,-6.610687255859375
-12.404580116271973,-16.38167953491211,-4.3740458488464355
-3.4885497093200684,-17.43511390686035,-6.916030406951904
-1.7175573110580444,-26.030534744262695,-9.053435325622559
-11.41984748840332,-35.22137451171875,-7.610687255859375
-6.603053569793701,-50.76335906982422,-6.6259541511535645
-2.893129825592041,-71.83206176757812,-7.267175674438477
-6.5877861976623535,-134.82443237304688,-6.656488418579102
-6.251908302307129,-170.38168334960938,-6.129770755767822
-2.007633686065674,-205.0381622314453,-4.122137546539307
-4.572519302368164,-238.80152893066406,-2.6641221046447754
-15.564885139465332,-250.1374053955078,-0.7709923386573792
-3.6183207035064697,-250.1374053955078,4.740458011627197
2.9465649127960205,-250.1374053955078,9.190839767456055
46.19083786010742,-79.0457992553711,20.114503860473633
-8.679388999938965,21.76335906982422,24.114503860473633
-24.43511390686035,23.76335906982422,20.114503860473633
-31.297710418701172,9.564885139465332,15.687023162841797
0.9465649127960205,6.442748069763184,9.435114860534668
-12.832060813903809,6.488549709320068,4.206106662750244
-18.427480697631836,17.6564884185791,-0.7633587718009949
-4.4809160232543945,9.435114860534668,-2.0839693546295166
-3.7251908779144287,9.755724906921387,-2.244274854660034
-9.832060813903809,10.893129348754883,-1.0839694738388062
-11.809160232543945,14.427480697631836,-1.0916030406951904
-5.961832046508789,9.900763511657715,-1.198473334312439
-6.572519302368164,10.51145076751709,-1.122137427330017
-10.22137451171875,12.312976837158203,-1.0152671337127686
-7.396946430206299,10.916030883789062,-0.9541984796524048
-9.167939186096191,12.137404441833496,-1.1755725145339966
-8.229007720947266,11.496183395385742,-0.8931297659873962
-6.335877895355225,10.320611000061035,-0.8167939186096191
-7.923664093017578,11.396946907043457,-1.038167953491211
-9.114503860473633,11.541984558105469,-0.8778625726699829
-7.748091697692871,10.900763511657715,-0.6335877776145935
-7.7633585929870605,11.007633209228516,-0.9541984796524048
-8.305343627929688,11.893129348754883,-1.2137404680252075
-8.229007720947266,10.961832046508789,-0.8549618124961853
-7.282442569732666,11.305343627929688,-1.0458015203475952
-7.748091697692871,11.351144790649414,-1.267175555229187
-8.312976837158203,11.213740348815918,-1.0763359069824219
-7.541984558105469,11.061068534851074,-0.9618320465087891
-8.22137451171875,11.12977123260498,-1.1526718139648438
-7.931297779083252,10.916030883789062,-0.8320610523223877
-8.106870651245117,10.954198837280273,-1.2519084215164185
-8.251908302307129,11.229007720947266,-1.198473334312439
-7.526717662811279,11.076335906982422,-0.9541984796524048
-7.870229244232178,10.961832046508789,-1.0305343866348267
-7.9083967208862305,11.473282814025879,-1.2977099418640137
-7.847328186035156,11.12977123260498,-1.198473334312439
-7.946564674377441,11.435114860534668,-1.1679389476776123
-8.007633209228516,11.282443046569824,-1.2900763750076294
-8.015267372131348,11.114503860473633,-1.0992366075515747
-8.305343627929688,11.557251930236816,-1.0229008197784424
-7.961832046508789,11.083969116210938,-1.1297709941864014
-7.793893337249756,11.16030502319336,-0.7251908183097839
-8.053435325622559,11.312976837158203,-1.106870174407959
-8.274808883666992,11.41984748840332,-0.9847328066825867
-7.862595558166504,11.152671813964844,-0.9389312863349915
-8.389312744140625,11.458015441894531,-1.038167953491211
-8.061068534851074,11.190839767456055,-1.0
-8.030534744262695,11.099236488342285,-1.267175555229187
-8.152671813964844,11.206107139587402,-1.0534350872039795
-8.274808883666992,11.152671813964844,-0.9007633328437805
-8.183206558227539,11.877862930297852,-0.9618320465087891
-8.175572395324707,11.297709465026855,-1.0763359069824219
-8.16030502319336,11.229007720947266,-1.106870174407959
-8.22137451171875,11.32824420928955,-0.8167939186096191
-8.282443046569824,11.343511581420898,-0.9160305261611938
-8.137404441833496,11.465648651123047,-1.305343508720398
-7.977099418640137,11.58015251159668,-1.160305380821228
-8.267175674438477,11.404580116271973,-1.0305343866348267
-8.068702697753906,11.167939186096191,-0.9541984796524048
-8.16030502319336,10.893129348754883,-1.0916030406951904
-8.068702697753906,11.12977123260498,-1.14503812789917
-7.595419883728027,11.083969116210938,-1.0534350872039795
-8.114503860473633,11.152671813964844,-1.198473334312439
-8.122137069702148,11.244275093078613,-1.2366411685943604
-7.923664093017578,11.236640930175781,-1.0
-8.183206558227539,11.244275093078613,-0.8931297659873962
-7.984732627868652,11.12977123260498,-1.0
-8.045801162719727,11.175572395324707,-0.8702290058135986
-7.870229244232178,11.12977123260498,-1.0076335668563843
