Time,theta_1,theta_2,tau_1,tau_2,X,Y,theta_1_2
0.0,0.8286461508123757,2.504841430458699,0.04559025556104992,0.020458661061441657,-0.1044958999999998,0.2470433499999998,3.3334875812710747
0.3584229390681004,0.826465202686008,2.505438456401637,-0.058108438212311916,-0.00017545679620454101,-0.10391121249999982,0.24702806249999978,3.3319036590876454
0.7168458781362008,0.8251566338101874,2.5057966719674005,-0.12032765447632902,-0.01255592751079226,-0.10356039999999984,0.24701888999999974,3.330953305777588
1.0752688172043012,0.8234118753090932,2.506274292721751,-0.20328660949501848,-0.029063221796909223,-0.10309264999999986,0.24700665999999974,3.3296861680308445
1.4336917562724016,0.8216671168079991,2.5067519134761023,-0.2862455645137079,-0.04557051608302618,-0.10262489999999988,0.2469944299999997,3.3284190302841017
1.792114695340502,0.8199223583069049,2.5072295342304534,-0.3692045195323974,-0.062077810369143144,-0.1021571499999999,0.2469821999999997,3.3271518925373584
2.1505376344086025,0.8219846970612306,2.509419132123376,-0.4484889541015503,-0.07566370225777727,-0.1024857299999999,0.24588855999999976,3.3314038291846066
2.508960573476703,0.8240470358155563,2.5116087300162993,-0.5277733886707033,-0.08924959414641141,-0.1028143099999999,0.24479491999999983,3.335655765831855
2.8673835125448033,0.8261093745698819,2.513798327909222,-0.6070578232398562,-0.10283548603504557,-0.1031428899999999,0.24370127999999988,3.339907702479104
3.225806451612904,0.8281717133242076,2.5159879258021447,-0.6863422578090091,-0.11642137792367971,-0.1034714699999999,0.24260763999999996,3.344159639126352
3.584229390681004,0.8302340520785334,2.518177523695068,-0.7656266923781622,-0.13000726981231384,-0.1038000499999999,0.241514,3.3484115757736013
3.9426523297491043,0.831135166070012,2.517639600273253,-0.8497338206492973,-0.1449593800898954,-0.1040634799999999,0.24163585999999998,3.348774766343265
4.301075268817205,0.8320362800614909,2.5171016768514383,-0.9338409489204326,-0.15991149036747695,-0.1043269099999999,0.24175771999999998,3.3491379569129287
4.6594982078853056,0.8329373940529695,2.5165637534296232,-1.0179480771915679,-0.17486360064505851,-0.10459033999999989,0.24187957999999993,3.3495011474825924
5.017921146953406,0.8338385080444481,2.516025830007808,-1.102055205462703,-0.18981571092264005,-0.10485376999999989,0.2420014399999999,3.3498643380522566
5.376344086021506,0.8347396220359269,2.515487906585993,-1.186162333733838,-0.2047678212002216,-0.1051171999999999,0.2421232999999999,3.35022752862192
5.734767025089607,0.837018701929179,2.511519121356939,-1.2787591585537061,-0.22406072959395013,-0.10600729999999987,0.24347331999999988,3.348537823286118
6.093189964157707,0.8392977818224312,2.5075503361278844,-1.3713559833735744,-0.24335363798767856,-0.10689739999999985,0.24482333999999986,3.346848117950316
6.451612903225808,0.8415768617156832,2.50358155089883,-1.4639528081934423,-0.262646546381407,-0.10778749999999984,0.24617335999999984,3.3451584126145137
6.810035842293908,0.8438559416089353,2.4996127656697755,-1.5565496330133104,-0.28193945477513555,-0.10867759999999982,0.2475233799999998,3.3434687072787113
7.168458781362008,0.8461350215021874,2.4956439804407213,-1.6491464578331785,-0.301232363168864,-0.1095676999999998,0.2488733999999998,3.3417790019429088
7.526881720430109,0.8467707021288661,2.495211465780836,-1.672938957636131,-0.30355856802649606,-0.10976144999999984,0.24897735999999981,3.341982167909702
7.885304659498209,0.8474063827555447,2.49477895112095,-1.6967314574390842,-0.3058847728841282,-0.10995519999999988,0.24908131999999986,3.3421853338764946
8.24372759856631,0.8480420633822232,2.494346436461064,-1.7205239572420363,-0.3082109777417603,-0.11014894999999991,0.24918527999999984,3.3423884998432873
8.60215053763441,0.848677744008902,2.493913921801179,-1.7443164570449896,-0.31053718259939245,-0.11034269999999995,0.24928923999999988,3.342591665810081
8.96057347670251,0.8493134246355805,2.493481407141293,-1.768108956847942,-0.3128633874570246,-0.11053645,0.2493931999999999,3.3427948317768736
9.318996415770611,0.8502871843031073,2.492810564178539,-1.7923570869614263,-0.31521135447646065,-0.11083490999999997,0.24955451999999986,3.3430977484816458
9.67741935483871,0.8512609439706343,2.4921397212157843,-1.8166052170749107,-0.3175593214958967,-0.11113336999999997,0.24971583999999983,3.3434006651864188
10.035842293906812,0.8522347036381612,2.4914688782530297,-1.8408533471883952,-0.3199072885153328,-0.11143182999999994,0.24987715999999977,3.343703581891191
10.394265232974913,0.8532084633056882,2.4907980352902754,-1.8651014773018795,-0.32225525553476886,-0.11173028999999993,0.25003847999999973,3.344006498595964
10.752688172043012,0.8541822229732152,2.4901271923275208,-1.8893496074153637,-0.324603222554205,-0.1120287499999999,0.2501997999999997,3.344309415300736
11.111111111111112,0.8552011831112812,2.4892628317922325,-1.883987997436165,-0.3180415870709215,-0.1123558299999999,0.2504322099999997,3.344464014903514
11.469534050179213,0.8562201432493473,2.4883984712569442,-1.878626387456966,-0.31147995158763797,-0.11268290999999993,0.2506646199999998,3.3446186145062917
11.827956989247314,0.8572391033874134,2.4875341107216564,-1.8732647774777667,-0.3049183161043545,-0.11300998999999996,0.2508970299999998,3.3447732141090696
12.186379928315414,0.8582580635254791,2.486669750186368,-1.8679031674985682,-0.29835668062107096,-0.11333706999999997,0.25112943999999987,3.344927813711847
12.544802867383515,0.8592770236635452,2.48580538965108,-1.862541557519369,-0.2917950451377875,-0.11366415,0.2513618499999999,3.345082413314625
12.903225806451616,0.8617939578021175,2.4839400737081254,-1.8583231126391047,-0.28512297600997744,-0.11445561,0.2518201699999999,3.3457340315102435
13.261648745519716,0.8643108919406901,2.4820747577651723,-1.8541046677588404,-0.27845090688216745,-0.11524707000000001,0.25227848999999986,3.346385649705862
13.620071684587815,0.8668278260792626,2.4802094418222183,-1.8498862228785757,-0.2717788377543575,-0.11603853,0.25273680999999987,3.347037267901481
13.978494623655916,0.8693447602178349,2.4783441258792642,-1.8456677779983117,-0.2651067686265475,-0.11682999000000001,0.2531951299999998,3.3476888860970995
14.336917562724016,0.8718616943564075,2.47647880993631,-1.8414493331180473,-0.2584346994987375,-0.11762145,0.2536534499999999,3.3483405042927177
14.695340501792101,0.8731811403567793,2.4756649913673763,-1.836419710301549,-0.25648166267343175,-0.11802565999999996,0.2538236699999999,3.348846131724156
15.053763440860202,0.8745005863571513,2.4748511727984424,-1.831390087485051,-0.254528625848126,-0.11842986999999991,0.2539938899999999,3.3493517591555935
15.412186379928302,0.8758200323575231,2.474037354229508,-1.826360464668553,-0.25257558902282023,-0.11883407999999988,0.2541641099999999,3.3498573865870314
15.770609318996403,0.8771394783578952,2.473223535660574,-1.8213308418520548,-0.25062255219751456,-0.11923828999999983,0.25433432999999994,3.3503630140184697
16.129032258064502,0.878458924358267,2.47240971709164,-1.816301219035557,-0.2486695153722088,-0.1196424999999998,0.2545045499999999,3.350868641449907
16.487455197132604,0.8798943307420968,2.470728351530262,-1.8135952707636074,-0.2481824033512042,-0.12015253999999982,0.2550059599999999,3.350622682272359
16.845878136200703,0.8813297371259268,2.469046985968884,-1.810889322491658,-0.24769529133019955,-0.12066257999999985,0.2555073699999999,3.3503767230948105
17.204301075268805,0.8827651435097567,2.467365620407506,-1.8081833742197087,-0.24720817930919495,-0.12117261999999987,0.2560087799999999,3.3501307639172624
17.562724014336904,0.8842005498935865,2.4656842548461277,-1.805477425947759,-0.24672106728819035,-0.12168265999999987,0.25651018999999986,3.3498848047397147
17.921146953405003,0.8856359562774163,2.46400288928475,-1.80277147767581,-0.24623395526718575,-0.1221926999999999,0.2570115999999999,3.349638845562166
18.279569892473106,0.8871265728919855,2.462918097762027,-1.8075767891816186,-0.25407244225717684,-0.12266912999999993,0.2572631299999999,3.3500446706540123
18.637992831541204,0.8886171895065548,2.461833306239304,-1.8123821006874272,-0.2619109292471679,-0.12314555999999995,0.25751465999999984,3.3504504957458594
18.996415770609307,0.8901078061211241,2.4607485147165815,-1.8171874121932359,-0.2697494162371589,-0.12362198999999996,0.25776618999999984,3.3508563208377056
19.35483870967741,0.8915984227356933,2.4596637231938585,-1.8219927236990445,-0.27758790322715005,-0.12409841999999997,0.2580177199999998,3.3512621459295517
19.713261648745505,0.8930890393502626,2.4585789316711355,-1.8267980352048534,-0.2854263902171411,-0.12457485,0.2582692499999998,3.3516679710213984
20.071684587813607,0.8959151576096523,2.456479649856283,-1.8333050878131167,-0.2935109484288478,-0.12548935,0.2587528999999998,3.3523948074659353
20.43010752688171,0.8987412758690422,2.45438036804143,-1.83981214042138,-0.30159550664055434,-0.12640384999999998,0.2592365499999998,3.3531216439104723
20.78853046594981,0.9015673941284318,2.452281086226577,-1.8463191930296436,-0.30968006485226096,-0.12731835,0.2597201999999998,3.3538484803550093
21.14695340501791,0.9043935123878215,2.4501818044117245,-1.8528262456379068,-0.3177646230639676,-0.12823284999999998,0.2602038499999998,3.3545753167995462
21.50537634408601,0.9072196306472112,2.448082522596872,-1.8593332982461706,-0.32584918127567425,-0.12914735,0.2606874999999998,3.355302153244083
21.86379928315411,0.9071185004787934,2.447632428003929,-1.8687908163711282,-0.33675877819038774,-0.12915986,0.26088110999999986,3.354750928482723
22.22222222222221,0.9070173703103753,2.447182333410988,-1.8782483344960852,-0.3476683751051013,-0.12917236999999998,0.26107471999999987,3.3541997037213633
22.58064516129031,0.9069162401419575,2.446732238818045,-1.887705852621043,-0.3585779720198149,-0.12918488,0.26126832999999994,3.3536484789600025
22.939068100358412,0.9068151099735395,2.4462821442251035,-1.8971633707460005,-0.36948756893452833,-0.12919739,0.26146193999999995,3.353097254198643
23.29749103942651,0.9067139798051216,2.445832049632161,-1.9066208888709582,-0.3803971658492419,-0.1292099,0.26165555,3.352546029437282
23.65591397849461,0.9108932916429928,2.4369548979949096,-1.9370858273967946,-0.4020369075842835,-0.13105578999999995,0.26466679,3.347848189637902
24.014336917562712,0.9150726034808642,2.4280777463576575,-1.9675507659226312,-0.42367664931932525,-0.13290167999999994,0.2676780299999999,3.3431503498385218
24.372759856630815,0.9192519153187355,2.4192005947204067,-1.998015704448468,-0.44531639105436693,-0.13474756999999987,0.2706892699999999,3.3384525100391422
24.731182795698913,0.9234312271566066,2.410323443083155,-2.0284806429743045,-0.4669561327894087,-0.13659345999999983,0.27370050999999984,3.333754670239762
25.089605734767012,0.927610538994478,2.4014462914459034,-2.0589455815001414,-0.4885958745244503,-0.1384393499999998,0.2767117499999998,3.3290568304403814
25.448028673835115,0.9276865098062151,2.4003453680630487,-2.067751708120295,-0.4878647886390025,-0.13854350999999981,0.2771452699999998,3.3280318778692637
25.806451612903214,0.9277624806179523,2.3992444446801935,-2.0765578347404494,-0.48713370275355466,-0.1386476699999998,0.2775787899999998,3.3270069252981456
26.164874551971312,0.9278384514296892,2.3981435212973388,-2.085363961360603,-0.4864026168681069,-0.1387518299999998,0.27801230999999976,3.3259819727270283
26.523297491039415,0.9279144222414264,2.397042597914484,-2.0941700879807565,-0.485671530982659,-0.13885598999999982,0.2784458299999997,3.32495702015591
26.881720430107514,0.9279903930531634,2.3959416745316293,-2.1029762146009108,-0.48494044509721124,-0.1389601499999998,0.2788793499999997,3.323932067584793
27.24014336917562,0.9347871959999907,2.3942198022031906,-2.1059139868792425,-0.4762857768461637,-0.14098790999999983,0.27859357999999973,3.329006998203181
27.598566308243715,0.941583998946818,2.3924979298747515,-2.108851759157574,-0.4676311085951161,-0.14301566999999987,0.27830780999999977,3.3340819288215693
27.956989247311814,0.9483808018936453,2.390776057546313,-2.111789531435906,-0.45897644034406854,-0.14504342999999986,0.2780220399999998,3.339156859439958
28.315412186379916,0.9551776048404725,2.3890541852178737,-2.1147273037142376,-0.450321772093021,-0.14707118999999988,0.2777362699999998,3.344231790058346
28.673835125448015,0.9619744077872998,2.387332312889435,-2.117665075992569,-0.44166710384197344,-0.1490989499999999,0.2774504999999999,3.349306720676734
29.03225806451612,0.9636568878790687,2.382560216408705,-2.1267889767491535,-0.43068128581920473,-0.1499617699999999,0.27911515999999986,3.346217104287773
29.39068100358422,0.9653393679708376,2.377788119927975,-2.1359128775057385,-0.41969546779643613,-0.1508245899999999,0.2807798199999999,3.343127487898812
29.749103942652315,0.9670218480626065,2.3730160234472444,-2.145036778262323,-0.40870964977366747,-0.1516874099999999,0.28244448,3.3400378715098507
30.10752688172042,0.9687043281543752,2.3682439269665143,-2.154160679018908,-0.3977238317508988,-0.1525502299999999,0.28410914,3.336948255120889
30.465949820788516,0.9703868082461442,2.363471830485784,-2.163284579775493,-0.38673801372813016,-0.1534130499999999,0.2857738,3.333858638731928
30.824372759856622,0.9769876451650411,2.361036586091513,-2.156154544027139,-0.36316953685820885,-0.15549961999999992,0.28570558,3.3380242312565542
31.18279569892472,0.983588482083938,2.3586013416972422,-2.1490245082787847,-0.33960105998828755,-0.15758618999999993,0.28563735999999995,3.3421898237811805
31.54121863799282,0.990189319002835,2.3561660973029714,-2.1418944725304305,-0.3160325831183663,-0.15967275999999997,0.2855691399999999,3.3463554163058062
31.899641577060923,0.9967901559217317,2.3537308529087007,-2.1347644367820764,-0.292464106248445,-0.16175932999999998,0.2855009199999999,3.3505210088304325
32.25806451612902,1.0033909928406286,2.35129560851443,-2.1276344010337227,-0.2688956293785237,-0.1638459,0.2854326999999999,3.3546866013550583
32.616487455197124,1.007049126849685,2.348046460275083,-2.1196871915775275,-0.2507351696519043,-0.16517971,0.28612397999999994,3.355095587124768
32.97491039426522,1.0107072608587415,2.3447973120357366,-2.1117399821213327,-0.23257470992528495,-0.16651352000000003,0.28681525999999996,3.3555045728944775
33.33333333333332,1.014365394867798,2.34154816379639,-2.1037927726651375,-0.21441425019866553,-0.16784733000000007,0.28750654000000003,3.355913558664187
33.69175627240143,1.0180235288768544,2.3382990155570433,-2.095845563208943,-0.19625379047204608,-0.1691811400000001,0.28819782000000005,3.3563225444338967
34.05017921146952,1.021681662885911,2.3350498673176965,-2.087898353752748,-0.17809333074542671,-0.1705149500000001,0.2888891000000001,3.356731530203607
34.408602150537625,1.0252850036435235,2.3271319207952446,-2.0935014378118573,-0.16915642054049979,-0.1722382600000001,0.2914405400000001,3.352416924438768
34.767025089605724,1.0288883444011359,2.3192139742727926,-2.099104521870966,-0.16021951033557283,-0.17396157000000004,0.29399198000000004,3.348102318673928
35.12544802867382,1.0324916851587482,2.3112960277503403,-2.1047076059300753,-0.15128260013064593,-0.17568488,0.29654342,3.3437877129090885
35.48387096774193,1.0360950259163606,2.3033780812278883,-2.110310689989184,-0.14234568992571894,-0.1774081899999999,0.29909486,3.3394731071442494
35.84229390681003,1.039698366673973,2.295460134705437,-2.1159137740482934,-0.13340877972079201,-0.1791314999999999,0.3016463,3.33515850137941
36.20071684587813,1.0421356044540926,2.296002511548919,-2.1311874706851843,-0.14294555837645145,-0.17981823999999988,0.30098744,3.3381381160030115
36.559139784946225,1.0445728422342122,2.296544888392401,-2.1464611673220753,-0.15248233703211092,-0.18050497999999987,0.3003285799999999,3.341117730626613
36.917562724014324,1.0470100800143318,2.297087265235883,-2.1617348639589666,-0.16201911568777033,-0.1811917199999999,0.29966971999999986,3.3440973452502147
37.27598566308243,1.0494473177944517,2.297629642079365,-2.177008560595858,-0.17155589434342977,-0.1818784599999999,0.2990108599999998,3.3470769598738164
37.63440860215053,1.0518845555745713,2.2981720189228465,-2.1922822572327485,-0.18109267299908924,-0.1825651999999999,0.2983519999999998,3.350056574497418
37.99283154121863,1.0610542970484873,2.2838321159863306,-2.2430364834960757,-0.2107858179954841,-0.1865367099999999,0.3023590199999998,3.3448864130348186
38.35125448028673,1.0702240385224033,2.2694922130498147,-2.2937907097594037,-0.24047896299187907,-0.19050821999999995,0.30636603999999984,3.339716251572218
38.709677419354826,1.0793937799963194,2.2551523101132984,-2.344544936022731,-0.2701721079882739,-0.19447973,0.3103730599999999,3.334546090109618
39.06810035842293,1.0885635214702354,2.240812407176783,-2.395299162286059,-0.2998652529846689,-0.19845123999999997,0.31438007999999995,3.3293759286470177
39.42652329749103,1.0977332629441514,2.226472504240267,-2.446053388549386,-0.32955839798106373,-0.20242275,0.3183871,3.3242057671844183
39.78494623655913,1.101601601795406,2.2192894951806608,-2.555318885631242,-0.4036357461117613,-0.20418598000000002,0.3204898,3.3208910969760668
40.14336917562723,1.1054699406466606,2.212106486121055,-2.6645843827130964,-0.47771309424245884,-0.20594921,0.32259249999999995,3.3175764267677152
40.50179211469533,1.1093382794979152,2.204923477061449,-2.7738498797949527,-0.5517904423731564,-0.20771243999999997,0.32469519999999996,3.3142617565593637
40.86021505376343,1.1132066183491698,2.197740468001842,-2.8831153768768076,-0.625867790503854,-0.20947566999999992,0.32679789999999986,3.3109470863510126
41.21863799283153,1.1170749572004244,2.1905574589422363,-2.992380873958663,-0.6999451386345515,-0.2112388999999999,0.3289005999999999,3.3076324161426607
41.57706093189964,1.1202593275757797,2.173522303384032,-3.1499597368234324,-0.803969601244705,-0.2132516599999999,0.3351400399999999,3.293781630959812
41.93548387096773,1.123443697951135,2.1564871478258274,-3.3075385996882027,-0.9079940638548584,-0.21526441999999993,0.34137947999999996,3.2799308457769625
42.29390681003583,1.1266280683264904,2.139451992267623,-3.4651174625529717,-1.012018526465012,-0.2172771799999999,0.34761892,3.2660800605941134
42.652329749103934,1.1298124387018458,2.122416836709418,-3.622696325417742,-1.1160429890751655,-0.2192899399999999,0.35385836,3.2522292754112643
43.01075268817203,1.1329968090772011,2.1053816811512136,-3.7802751882825114,-1.220067451685319,-0.2213026999999999,0.3600978,3.2383784902284147
43.36917562724014,1.1329080255270116,2.099013610481393,-3.8739780525999397,-1.2823673827535633,-0.22148063999999992,0.36272199,3.231921636008405
43.72759856630823,1.1328192419768222,2.092645539811572,-3.9676809169173675,-1.3446673138218075,-0.22165857999999988,0.36534617999999996,3.225464781788394
44.08602150537633,1.1327304584266327,2.086277469141751,-4.061383781234795,-1.406967244890052,-0.22183651999999993,0.36797036999999994,3.2190079275683843
44.444444444444436,1.1326416748764432,2.079909398471931,-4.155086645552224,-1.4692671759582967,-0.22201445999999989,0.3705945599999999,3.2125510733483744
44.802867383512535,1.1325528913262537,2.07354132780211,-4.248789509869652,-1.5315671070265406,-0.2221923999999999,0.3732187499999999,3.206094219128364
45.16129032258064,1.137463446599913,2.0531883455426874,-4.399031607895722,-1.6252536856212327,-0.22433011999999994,0.38044732999999986,3.1906517921426008
45.51971326164874,1.1423740018735722,2.0328353632832648,-4.549273705921791,-1.7189402642159244,-0.22646783999999992,0.3876759099999999,3.1752093651568374
45.87813620071684,1.1472845571472312,2.0124823810238426,-4.699515803947861,-1.8126268428106165,-0.22860555999999996,0.39490448999999994,3.1597669381710736
46.23655913978494,1.1521951124208907,1.9921293987644197,-4.8497579019739305,-1.9063134214053084,-0.23074328,0.40213307,3.14432451118531
46.594982078853036,1.1571056676945497,1.9717764165049971,-5.0,-2.0,-0.232881,0.40936165,3.128882084199547
46.95340501792114,1.1617169759591042,1.966085158713252,-4.962627513273326,-1.9702919643387538,-0.23474708,0.41060138,3.1278021346723563
47.31182795698924,1.1663282842236589,1.9603939009215068,-4.925255026546652,-1.9405839286775073,-0.23661316000000002,0.41184110999999995,3.1267221851451654
47.67025089605734,1.1709395924882133,1.9547026431297616,-4.887882539819978,-1.9108758930162606,-0.23847923999999998,0.41308083999999995,3.125642235617975
48.02867383512544,1.1755509007527678,1.9490113853380169,-4.850510053093304,-1.8811678573550141,-0.24034532,0.41432056999999994,3.124562286090784
48.38709677419354,1.1801622090173225,1.9433201275462717,-4.81313756636663,-1.8514598216937677,-0.2422114,0.4155602999999999,3.123482336563593
48.74551971326164,1.1887755493359848,1.9329385698951143,-4.783436155984821,-1.825057090666995,-0.24574049000000003,0.4176571699999999,3.121714119231098
49.10394265232974,1.197388889654647,1.9225570122439575,-4.753734745603009,-1.798654359640223,-0.24926958,0.41975403999999994,3.119945901898604
49.46236559139784,1.206002229973309,1.9121754545927998,-4.7240333352212,-1.7722516286134504,-0.25279867,0.42185090999999997,3.118177684566109
49.82078853046594,1.2146155702919716,1.9017938969416428,-4.694331924839391,-1.7458488975866775,-0.25632775999999996,0.42394778000000005,3.116409467233615
50.179211469534046,1.2232289106106338,1.8914123392904856,-4.66463051445758,-1.719446166559905,-0.25985685,0.42604465,3.11464124990112
50.53763440860214,1.2284366411858638,1.8858604754435901,-4.582573956669963,-1.678398867136187,-0.26202401000000003,0.42694051,3.114297116629454
50.896057347670244,1.2336443717610936,1.8803086115966945,-4.500517398882345,-1.6373515677124684,-0.26419117,0.42783636999999997,3.113952983357789
51.25448028673835,1.2388521023363237,1.8747567477497988,-4.418460841094728,-1.5963042682887503,-0.26635833,0.42873222999999994,3.1136088500861234
51.61290322580644,1.2440598329115535,1.8692048839029034,-4.336404283307111,-1.5552569688650322,-0.2685254899999999,0.42962809,3.113264716814458
51.97132616487454,1.2492675634867836,1.863653020056008,-4.254347725519493,-1.5142096694413136,-0.27069265,0.43052395,3.112920583542792
52.329749103942646,1.2615991507265074,1.852072178612164,-4.172542225669317,-1.4719382159882997,-0.27591462,0.43177581,3.113671329338672
52.68817204301075,1.2739307379662312,1.84049133716832,-4.09073672581914,-1.429666762535286,-0.28113658999999996,0.43302767,3.1144220751345517
53.046594982078844,1.2862623252059548,1.828910495724476,-4.008931225968964,-1.3873953090822722,-0.28635855999999993,0.43427952999999986,3.1151728209304315
53.40501792114695,1.298593912445679,1.8173296542806319,-3.927125726118787,-1.3451238556292582,-0.29158052999999995,0.43553138999999985,3.115923566726311
53.76344086021505,1.3109254996854027,1.805748812836788,-3.8453202262686106,-1.3028524021762447,-0.2968024999999999,0.4367832499999999,3.116674312522191
54.12186379928314,1.3184076315636801,1.79714096167098,-3.7739646905614204,-1.295775249038507,-0.2999963899999999,0.4380336999999999,3.1155485932346605
54.480286738351246,1.3258897634419577,1.7885331105051718,-3.702609154854231,-1.2886980959007697,-0.30319028,0.43928414999999993,3.11442287394713
54.83870967741935,1.3333718953202354,1.779925259339364,-3.631253619147041,-1.281620942763032,-0.30638417,0.4405345999999999,3.113297154659599
55.197132616487444,1.3408540271985125,1.7713174081735559,-3.559898083439851,-1.274543789625295,-0.30957806000000004,0.4417850499999999,3.1121714353720686
55.55555555555555,1.3483361590767902,1.762709557007748,-3.4885425477326617,-1.2674666364875573,-0.3127719500000001,0.4430354999999999,3.111045716084538
55.91397849462365,1.3605157465778954,1.734551221762094,-3.45715483288755,-1.2840800697518577,-0.31758645,0.45059999999999995,3.0950669683399896
56.272401433691755,1.3726953340790011,1.70639288651644,-3.425767118042438,-1.3006935030161577,-0.32240095000000013,0.4581644999999999,3.079088220595441
56.63082437275985,1.3848749215801068,1.678234551270786,-3.3943794031973265,-1.3173069362804581,-0.3272154500000001,0.46572899999999995,3.0631094728508925
56.98924731182795,1.3970545090812123,1.6500762160251319,-3.362991688352215,-1.3339203695447581,-0.3320299500000001,0.4732934999999999,3.047130725106344
57.34767025089605,1.4092340965823178,1.6219178807794778,-3.3316039735071032,-1.3505338028090585,-0.3368444500000001,0.480858,3.0311519773617954
57.70609318996415,1.412177693066587,1.6150535338258378,-3.1305224742641347,-1.2862794748681934,-0.33793528000000006,0.48265477000000007,3.0272312268924244
58.06451612903225,1.415121289550856,1.6081891868721976,-2.929440975021166,-1.222025146927328,-0.33902611,0.48445154000000007,3.0233104764230534
58.422939068100355,1.4180648860351255,1.6013248399185573,-2.728359475778198,-1.1577708189864628,-0.34011694000000003,0.48624831,3.0193897259536824
58.78136200716845,1.4210084825193945,1.5944604929649173,-2.5272779765352293,-1.0935164910455977,-0.34120777,0.48804508,3.015468975484312
59.13978494623655,1.423952079003664,1.5875961460112773,-2.3261964772922608,-1.0292621631047327,-0.3422986,0.48984185,3.011548225014941
59.49820788530465,1.4370724003562532,1.5704621800309995,-2.1262512926995196,-0.9629598114666007,-0.34782104,0.49213155000000003,3.0075345803872517
59.85663082437276,1.450192721708842,1.5533282140507214,-1.9263061081067787,-0.8966574598284687,-0.35334348000000004,0.4944212500000001,3.003520935759563
60.21505376344085,1.463313043061431,1.5361942480704436,-1.7263609235140374,-0.8303551081903366,-0.35886592,0.49671095000000004,2.9995072911318745
60.573476702508955,1.4764333644140202,1.5190602820901655,-1.5264157389212962,-0.7640527565522047,-0.36438835999999997,0.49900065,2.995493646504186
60.93189964157706,1.4895536857666092,1.501926316109888,-1.3264705543285549,-0.6977504049140727,-0.3699108,0.50129035,2.9914800018764973
61.29032258064515,1.4952697494331637,1.4949061378213422,-1.0620776375310903,-0.5948781001541928,-0.37234626,0.50198799,2.990175887254506
61.64874551971325,1.5009858130997187,1.4878859595327965,-0.797684720733626,-0.49200579539431316,-0.37478172,0.50268563,2.988871772632515
62.00716845878136,1.506701876766273,1.4808657812442507,-0.5332918039361615,-0.38913349063443325,-0.37721718000000004,0.5033832699999999,2.9875676580105237
62.36559139784945,1.512417940432828,1.4738456029557052,-0.268898887138697,-0.2862611858745535,-0.3796526400000001,0.50408091,2.9862635433885325
62.724014336917556,1.5181340040993825,1.4668254246671593,-0.004505970341232495,-0.1833888811146737,-0.3820881000000001,0.5047785499999999,2.9849594287665417
63.08243727598566,1.5302380953199308,1.451072135143289,0.2646830905525857,-0.07699309253490204,-0.3871813700000001,0.5063750899999999,2.9813102304632197
63.44086021505376,1.5423421865404792,1.4353188456194181,0.533872151446404,0.029402696044869617,-0.39227464000000006,0.5079716299999999,2.977661032159898
63.79928315412185,1.5544462777610275,1.4195655560955478,0.8030612123402221,0.13579848462464128,-0.39736791000000005,0.5095681699999999,2.9740118338565757
64.15770609318996,1.566550368981576,1.4038122665716775,1.0722502732340404,0.24219427320441292,-0.4024611800000001,0.51116471,2.9703626355532537
64.51612903225806,1.5786544602021244,1.388058977047807,1.3414393341278585,0.34859006178418456,-0.40755445,0.51276125,2.9667134372499318
64.87455197132616,1.5856357241717816,1.3737498250633693,1.4652635625905965,0.39742077816318033,-0.4100573900000001,0.51563412,2.9593855492351513
65.23297491039426,1.592616988141439,1.3594406730789317,1.5890877910533348,0.446251494542176,-0.4125603300000001,0.51850699,2.9520576612203704
65.59139784946237,1.599598252111096,1.3451315210944939,1.7129120195160725,0.4950822109211717,-0.4150632700000001,0.5213798599999999,2.94472977320559
65.94982078853046,1.6065795160807537,1.3308223691100562,1.8367362479788103,0.5439129273001674,-0.4175662100000001,0.52425273,2.9374018851908095
66.30824372759857,1.6135607800504106,1.3165132171256186,1.9605604764415485,0.5927436436791631,-0.4200691500000001,0.5271256,2.930073997176029
66.66666666666666,1.624828754501816,1.2976034145580302,2.0873711592686894,0.6449448531245742,-0.42431269000000016,0.52982573,2.9224321690598463
67.02508960573476,1.6360967289532216,1.2786936119904417,2.214181842095831,0.6971460625699853,-0.42855623000000015,0.53252586,2.914790340943663
67.38351254480285,1.647364703404627,1.2597838094228533,2.340992524922972,0.7493472720153964,-0.4327997700000002,0.5352259899999998,2.9071485128274803
67.74193548387096,1.6586326778560323,1.240874006855265,2.467803207750113,0.8015484814608075,-0.43704331000000013,0.5379261199999998,2.899506684711297
68.10035842293907,1.6699006523074376,1.2219642042876764,2.5946138905772544,0.8537496909062187,-0.4412868500000002,0.5406262499999998,2.891864856595114
68.45878136200716,1.6757360502565248,1.2102720020908257,2.599633389192157,0.8624468060783422,-0.44321779000000017,0.5426537899999998,2.886008052347351
68.81720430107526,1.6815714482056123,1.1985797998939751,2.6046528878070596,0.8711439212504657,-0.4451487300000002,0.5446813299999997,2.8801512480995877
69.17562724014337,1.6874068461546994,1.1868875976971247,2.6096723864219626,0.8798410364225895,-0.4470796700000002,0.5467088699999999,2.8742944438518245
69.53405017921146,1.6932422441037869,1.1751953955002743,2.6146918850368657,0.8885381515947128,-0.4490106100000002,0.5487364099999998,2.8684376396040614
69.89247311827957,1.699077642052874,1.1635031933034237,2.6197113836517683,0.8972352667668365,-0.4509415500000002,0.5507639499999999,2.862580835356298
70.25089605734766,1.706351023016147,1.1459679073361069,2.6331606447070857,0.9116137208531546,-0.45285429000000016,0.5543120099999999,2.8523189303522543
70.60931899641577,1.7136244039794204,1.12843262136879,2.646609905762403,0.9259921749394731,-0.45476703000000007,0.5578600699999999,2.8420570253482107
70.96774193548386,1.7208977849426934,1.1108973354014735,2.6600591668177196,0.940370629025791,-0.45667977000000004,0.5614081299999999,2.831795120344167
71.32616487455196,1.7281711659059664,1.0933620494341567,2.6735084278730366,0.9547490831121095,-0.45859251,0.56495619,2.8215332153401236
71.68458781362007,1.7354445468692394,1.07582676346684,2.686957688928354,0.9691275371984276,-0.46050525,0.5685042499999999,2.81127131033608
72.04301075268816,1.7433608051776637,1.06420849472973,2.6490973633459025,0.9607563294369937,-0.46343385000000004,0.56929583,2.8075692999073945
72.40143369175627,1.7512770634860881,1.0525902259926199,2.61123703776345,0.9523851216755597,-0.46636245,0.57008741,2.8038672894787084
72.75985663082437,1.7591933217945126,1.0409719572555098,2.5733767121809983,0.9440139139141259,-0.46929105,0.57087899,2.8001652790500224
73.11827956989247,1.767109580102937,1.0293536885183996,2.535516386598546,0.9356427061526917,-0.47221965,0.57167057,2.796463268621337
73.47670250896057,1.7750258384113613,1.0177354197812896,2.4976560610160945,0.9272714983912579,-0.47514825,0.57246215,2.792761258192651
73.83512544802868,1.7805748792249858,1.0060162929398369,2.4658848594916885,0.9217057764453045,-0.47663743,0.5742978599999999,2.7865911721648224
74.19354838709677,1.78612392003861,0.994297166098384,2.434113657967283,0.9161400544993511,-0.47812661,0.57613357,2.780421086136994
74.55197132616487,1.7916729608522348,0.9825780392569312,2.4023424564428772,0.9105743325533976,-0.4796157899999999,0.5779692799999999,2.774251000109166
74.91039426523297,1.7972220016658589,0.9708589124154784,2.370571254918471,0.9050086106074441,-0.4811049699999999,0.5798049900000001,2.768080914081337
75.26881720430107,1.8027710424794836,0.9591397855740256,2.338800053394065,0.8994428886614906,-0.4825941499999999,0.5816407,2.761910828053509
75.62724014336916,1.8086404760059072,0.948905937076543,2.2291109485723988,0.8518437399019976,-0.48442444999999984,0.5826642000000001,2.75754641308245
75.98566308243727,1.814509909532331,0.9386720885790606,2.1194218437507333,0.8042445911425045,-0.4862547499999999,0.5836877000000001,2.7531819981113914
76.34408602150538,1.8203793430587545,0.9284382400815779,2.009732738929068,0.7566454423830113,-0.4880850499999999,0.5847112,2.7488175831403323
76.70250896057347,1.826248776585178,0.9182043915840954,1.9000436341074016,0.7090462936235182,-0.48991534999999986,0.5857347,2.7444531681692736
77.06093189964157,1.8321182101116016,0.9079705430866128,1.790354529285736,0.6614471448640252,-0.4917456499999999,0.5867582000000001,2.7400887531982145
77.41935483870968,1.8435301910327575,0.8821100691473053,1.6865170434747219,0.6195473858275363,-0.4940598499999999,0.5906877300000001,2.7256402601800627
77.77777777777779,1.8549421719539136,0.8562495952079976,1.5826795576637076,0.5776476267910473,-0.4963740499999999,0.59461726,2.7111917671619112
78.13620071684588,1.8663541528750696,0.8303891212686901,1.4788420718526933,0.5357478677545584,-0.49868824999999994,0.59854679,2.69674327414376
78.49462365591397,1.8777661337962257,0.8045286473293825,1.3750045860416795,0.49384810871806933,-0.5010024499999999,0.60247632,2.682294781125608
78.85304659498208,1.8891781147173816,0.7786681733900749,1.271167100230665,0.45194834968158043,-0.5033166499999999,0.6064058499999999,2.6678462881074565
79.21146953405017,1.8933004743548536,0.7651978133784648,1.1367750183140384,0.39446686224979327,-0.50320959,0.6091898199999999,2.6584982877333188
79.56989247311827,1.8974228339923258,0.7517274533668548,1.0023829363974122,0.33698537481800606,-0.5031025299999999,0.61197379,2.6491502873591806
79.92831541218638,1.9015451936297982,0.7382570933552447,0.8679908544807858,0.27950388738621884,-0.5029954699999999,0.6147577599999999,2.6398022869850424
80.28673835125447,1.9056675532672702,0.7247867333436346,0.7335987725641593,0.22202239995443157,-0.50288841,0.6175417299999999,2.6304542866109046
80.64516129032258,1.9097899129047424,0.7113163733320246,0.5992066906475327,0.16454091252264438,-0.50278135,0.6203257,2.621106286236767
81.00358422939068,1.9150825082799663,0.6961064026177841,0.45918959224402806,0.10374362985521703,-0.50286343,0.6229988499999999,2.6111889108977504
81.36200716845879,1.92037510365519,0.6808964319035438,0.31917249384052354,0.04294634718778969,-0.50294551,0.625672,2.601271535558734
81.72043010752688,1.925667699030414,0.6656864611893032,0.17915539543701892,-0.017850935479637654,-0.50302759,0.62834515,2.591354160219717
82.07885304659499,1.9309602944056377,0.6504764904750628,0.03913829703351432,-0.078648218147065,-0.5031096700000001,0.6310182999999999,2.5814367848807005
82.43727598566308,1.9362528897808613,0.6352665197608224,-0.10087880136999029,-0.13944550081449233,-0.50319175,0.6336914499999999,2.571519409541684
82.79569892473117,1.9403683503331823,0.6239382072915974,-0.13462653697964871,-0.1478676554017838,-0.5032395299999999,0.63548724,2.56430655762478
83.15412186379928,1.9444838108855034,0.6126098948223725,-0.16837427258930715,-0.1562898099890753,-0.5032873099999999,0.6372830299999999,2.557093705707876
83.51254480286738,1.9485992714378244,0.6012815823531477,-0.20212200819896559,-0.16471196457636675,-0.5033350899999999,0.6390788199999999,2.5498808537909725
83.87096774193547,1.9527147319901457,0.5899532698839227,-0.235869743808624,-0.17313411916365823,-0.5033828699999999,0.6408746099999998,2.542668001874069
84.22939068100358,1.9568301925424667,0.5786249574146978,-0.26961747941828246,-0.18155627375094968,-0.5034306499999999,0.6426703999999999,2.5354551499571647
84.58781362007169,1.9606871980236966,0.570476743142972,-0.30599974244408895,-0.19249493899060108,-0.5039828799999999,0.6434505599999999,2.531163941166669
84.94623655913979,1.9645442035049268,0.5623285288712465,-0.3423820054698955,-0.20343360423025247,-0.50453511,0.6442307199999999,2.5268727323761735
85.30465949820788,1.968401208986157,0.5541803145995209,-0.3787642684957021,-0.21437226946990387,-0.50508734,0.6450108799999998,2.5225815235856777
85.66308243727599,1.9722582144673866,0.5460321003277953,-0.4151465315215086,-0.22531093470955532,-0.5056395699999999,0.6457910399999999,2.518290314795182
86.02150537634408,1.9761152199486167,0.5378838860560696,-0.4515287945473152,-0.23624959994920672,-0.5061918000000001,0.6465711999999999,2.5139991060046865
86.37992831541219,1.9804923260449083,0.5289200095523834,-0.43705326246102344,-0.22515762410772838,-0.5068361800000001,0.6473007299999999,2.509412335597292
86.73835125448028,1.9848694321411997,0.5199561330486973,-0.4225777303747319,-0.21406564826625002,-0.5074805600000001,0.6480302599999999,2.5048255651898974
87.09677419354838,1.9892465382374915,0.510992256545011,-0.40810219828844013,-0.20297367242477168,-0.5081249400000002,0.64875979,2.500238794782503
87.45519713261648,1.9936236443337834,0.5020283800413248,-0.3936266662021484,-0.19188169658329335,-0.5087693200000001,0.6494893199999999,2.4956520243751084
87.81362007168458,1.9980007504300747,0.4930645035376386,-0.3791511341158567,-0.18078972074181496,-0.5094137000000002,0.6502188499999999,2.4910652539677134
88.17204301075269,2.0026009427482925,0.4832816439733187,-0.3645104890262711,-0.17033807060508144,-0.5099421000000002,0.65103187,2.4858825867216114
88.5304659498208,2.0072011350665107,0.47349878440899884,-0.3498698439366855,-0.1598864204683479,-0.5104705,0.6518448899999999,2.4806999194755095
88.88888888888889,2.011801327384729,0.46371592484467905,-0.3352291988470999,-0.14943477033161434,-0.5109988999999999,0.65265791,2.475517252229408
89.24731182795699,2.0164015197029466,0.45393306528035915,-0.3205885537575143,-0.13898312019488085,-0.5115272999999998,0.6534709299999999,2.470334584983306
89.6057347670251,2.0210017120211647,0.4441502057160393,-0.30594790866792876,-0.1285314700581473,-0.5120556999999998,0.65428395,2.465151917737204
89.96415770609319,2.017478798847711,0.44959957261092987,-0.32603423897239747,-0.13729402350134412,-0.5111417099999999,0.6543294,2.467078371458641
90.32258064516128,2.0139558856742577,0.45504893950582054,-0.3461205692768663,-0.14605657694454097,-0.5102277199999999,0.65437485,2.469004825180078
90.68100358422939,2.010432972500804,0.46049830640071104,-0.36620689958133495,-0.1548191303877378,-0.5093137300000001,0.6544202999999998,2.470931278901515
91.03942652329748,2.0069100593273506,0.46594767329560166,-0.3862932298858037,-0.16358168383093466,-0.5083997400000002,0.6544657499999998,2.472857732622952
91.39784946236558,2.003387146153897,0.4713970401904923,-0.4063795601902725,-0.1723442372741315,-0.5074857500000003,0.6545111999999998,2.474784186344389
91.75627240143369,2.0104737561858412,0.4570562774943322,-0.4269247152421417,-0.1822416499459485,-0.5084186300000002,0.6554550799999999,2.467530033680173
92.1146953405018,2.0175603662177855,0.442715514798172,-0.44746987029401086,-0.19213906261776545,-0.5093515100000001,0.65639896,2.4602758810159573
92.47311827956989,2.0246469762497292,0.4283747521020119,-0.46801502534588013,-0.2020364752895824,-0.51028439,0.65734284,2.4530217283517404
92.831541218638,2.031733586281673,0.4140339894058518,-0.4885601803977493,-0.21193388796139936,-0.51121727,0.6582867200000001,2.445767575687525
93.1899641577061,2.038820196313617,0.3996932267096917,-0.5091053354496184,-0.22183130063321627,-0.5121501499999999,0.6592306000000001,2.4385134230233088
93.54838709677419,2.041779832311149,0.3894184076378556,-0.5077450742446052,-0.22263060327389672,-0.5113293099999999,0.6608865800000001,2.4311982399490044
93.9068100358423,2.0447394683086815,0.3791435885660195,-0.5063848130395923,-0.2234299059145772,-0.51050847,0.66254256,2.423883056874701
94.26523297491039,2.047699104306213,0.3688687694941834,-0.5050245518345791,-0.22422920855525774,-0.5096876300000001,0.66419854,2.4165678738003966
94.62365591397848,2.050658740303745,0.3585939504223473,-0.5036642906295659,-0.22502851119593814,-0.5088667900000001,0.6658545199999999,2.4092526907260927
94.98207885304659,2.053618376301277,0.3483191313505112,-0.5023040294245528,-0.22582781383661862,-0.5080459500000002,0.6675104999999999,2.4019375076517884
95.3405017921147,2.05399713111994,0.34447040810954443,-0.4998158198235782,-0.225655645363718,-0.5072251200000001,0.6684761899999999,2.3984675392294847
95.6989247311828,2.0543758859386037,0.34062168486857775,-0.49732761022260363,-0.22548347689081738,-0.5064042900000001,0.66944188,2.394997570807181
96.05734767025089,2.0547546407572663,0.336772961627611,-0.49483940062162907,-0.22531130841791674,-0.5055834600000001,0.67040757,2.3915276023848775
96.415770609319,2.05513339557593,0.33292423838664426,-0.4923511910206545,-0.22513913994501608,-0.5047626299999999,0.6713732600000001,2.388057633962574
96.7741935483871,2.055512150394593,0.3290755151456775,-0.48986298141968,-0.22496697147211547,-0.5039417999999999,0.6723389500000001,2.3845876655402702
97.1326164874552,2.0536887452091253,0.3318188399088312,-0.4292804213253208,-0.19700572669182853,-0.5034865999999999,0.6724357200000001,2.3855075851179564
97.4910394265233,2.0518653400236575,0.33456216467198496,-0.3686978612309616,-0.1690444819115416,-0.5030314,0.67253249,2.386427504695642
97.84946236559139,2.0500419348381897,0.33730548943513866,-0.3081153011366024,-0.14108323713125462,-0.5025761999999999,0.6726292600000001,2.387347424273328
98.2078853046595,2.0482185296527216,0.34004881419829236,-0.2475327410422432,-0.11312199235096768,-0.502121,0.67272603,2.388267343851014
98.56630824372759,2.046395124467254,0.3427921389614461,-0.18695018094788401,-0.08516074757068073,-0.5016658,0.6728228,2.3891872634287
98.9247311827957,2.0436988471738435,0.344007410730761,-0.12628220111036295,-0.05721568158088013,-0.5001872,0.6738026800000001,2.387706257904605
99.2831541218638,2.0410025698804333,0.34522268250007593,-0.06561422127284187,-0.029270615591079543,-0.49870860000000006,0.67478256,2.3862252523805094
99.6415770609319,2.039654431233728,0.3458303183847334,-0.03528023135408134,-0.015298082596179251,-0.49796930000000006,0.6752725,2.3854847496184615
100.0,2.0374075334892194,0.34684304485916245,0.015276418510519547,0.007989472395321242,-0.4967371333333334,0.6760890666666667,2.384250578348382
