ORIENTATION Sensor 1 W,ORIENTATION Sensor 1 X,ORIENTATION Sensor 1 Y,ORIENTATION Sensor 1 Z
0.0,0.0,0.0,0.0
0.0,0.0,0.0,0.0
0.0,0.0,0.0,0.0
0.0,0.0,0.0,0.0
0.0,0.0,0.0,0.0
0.0,0.0,0.0,0.0
0.0,0.0,0.0,0.0
0.0,0.0,0.0,0.0
0.0,0.0,0.0,0.0
0.0,0.0,0.0,0.0
0.0,0.0,0.0,0.0
0.0,0.0,0.0,0.0
0.0,0.0,0.0,0.0
0.0,0.0,0.0,0.0
0.0,0.0,0.0,0.0
0.0,0.0,0.0,0.0
0.0,0.0,0.0,0.0
0.0,0.0,0.0,0.0
0.0,0.0,0.0,0.0
0.0,0.0,0.0,0.0
0.0,0.0,0.0,0.0
0.0,0.0,0.0,0.0
0.0,0.0,0.0,0.0
0.0,0.0,0.0,0.0
0.0,0.0,0.0,0.0
0.0,0.0,0.0,0.0
0.0,0.0,0.0,0.0
0.0,0.0,0.0,0.0
0.0,0.0,0.0,0.0
0.0,0.0,0.0,0.0
0.0,0.0,0.0,0.0
0.0,0.0,0.0,0.0
0.0,0.0,0.0,0.0
0.0,0.0,0.0,0.0
0.0,0.0,0.0,0.0
0.0,0.0,0.0,0.0
0.0,0.0,0.0,0.0
0.0,0.0,0.0,0.0
0.0,0.0,0.0,0.0
0.0,0.0,0.0,0.0
0.0,0.0,0.0,0.0
0.0,0.0,0.0,0.0
0.0,0.0,0.0,0.0
0.0,0.0,0.0,0.0
0.0,0.0,0.0,0.0
0.0,0.0,0.0,0.0
0.0,0.0,0.0,0.0
0.0,0.0,0.0,0.0
0.0,0.0,0.0,0.0
0.0,0.0,0.0,0.0
0.0,0.0,0.0,0.0
0.0,0.0,0.0,0.0
0.0,0.0,0.0,0.0
0.0,0.0,0.0,0.0
0.0,0.0,0.0,0.0
0.0,0.0,0.0,0.0
0.0,0.0,0.0,0.0
0.0,0.0,0.0,0.0
0.0,0.0,0.0,0.0
0.0,0.0,0.0,0.0
0.0,0.0,0.0,0.0
0.0,0.0,0.0,0.0
0.0,0.0,0.0,0.0
0.0,0.0,0.0,0.0
0.0,0.0,0.0,0.0
0.0,0.0,0.0,0.0
0.0,0.0,0.0,0.0
0.0,0.0,0.0,0.0
0.0,0.0,0.0,0.0
0.0,0.0,0.0,0.0
0.0,0.0,0.0,0.0
0.0,0.0,0.0,0.0
0.0,0.0,0.0,0.0
0.0,0.0,0.0,0.0
0.0,0.0,0.0,0.0
0.0,0.0,0.0,0.0
0.0,0.0,0.0,0.0
0.0,0.0,0.0,0.0
0.0,0.0,0.0,0.0
0.0,0.0,0.0,0.0
0.0,0.0,0.0,0.0
0.0,0.0,0.0,0.0
0.0,0.0,0.0,0.0
0.0,0.0,0.0,0.0
0.0,0.0,0.0,0.0
0.0,0.0,0.0,0.0
0.0,0.0,0.0,0.0
0.0,0.0,0.0,0.0
0.0,0.0,0.0,0.0
0.0,0.0,0.0,0.0
0.0,0.0,0.0,0.0
0.0,0.0,0.0,0.0
0.0,0.0,0.0,0.0
0.13831699546426535,-0.2939227158203721,-0.49820767901837826,0.8039072975516319
0.13800455164164305,-0.293430233374238,-0.49690130166709423,0.8049487750977278
0.13768458552658558,-0.2928907088935375,-0.4955951739102602,0.8060045931488276
0.13734220620244741,-0.29230270721018314,-0.49428399838507175,0.8070808937773108
0.1370671261101961,-0.29171231389045715,-0.49297086615115404,0.808143706060946
0.13683102652430534,-0.29110502637922764,-0.491627081297338,0.8092205775901675
0.13664354104548693,-0.29053961019963026,-0.4902548976242542,0.8102872390300035
0.1363907502964139,-0.2899826392531395,-0.48887438978999853,0.8113627191632986
0.13618955295532942,-0.2894704518839717,-0.4874577447772026,0.8124310486018658
0.13599314633756876,-0.28906302247196436,-0.4859991557896137,0.8134821774438024
0.13585868664085865,-0.2886916268616915,-0.4844908360391855,0.8145355675369501
0.13575514312833548,-0.28841015975922346,-0.48297344613820314,0.8155530458316207
0.1356571251526475,-0.2881648950278759,-0.48141844663769007,0.8165748072788119
0.1355146113783121,-0.28792528342455626,-0.4798881495371461,0.8175831362605095
0.13538346905261278,-0.28765681106597185,-0.4783409321680665,0.8186054164543748
0.13520975317806005,-0.2874047141522169,-0.47680878546088934,0.819615907035768
0.1349906688556075,-0.2870854754000902,-0.4753146655857563,0.8206311091780663
0.134707348421216,-0.28672955837100744,-0.4738502502441406,0.8216483620926738
0.13440724834799767,-0.28632478695362806,-0.47240489069372416,0.8226703032851219
0.1341427294537425,-0.2858641091734171,-0.47095468174666166,0.8237045146524906
0.1340389233082533,-0.28548496030271053,-0.4694797918200493,0.8246942646801472
0.13394329324364662,-0.28518385626375675,-0.46799432672560215,0.8256577216088772
0.13384957797825336,-0.2848856747150421,-0.4664966091513634,0.8266228633001447
0.13363400287926197,-0.28449619095772505,-0.4650659002363682,0.8275974746793509
0.13338628318160772,-0.2840979266911745,-0.46363766491413116,0.8285750327631831
0.13314513210207224,-0.2836802629753947,-0.4622161630541086,0.8295505419373512
0.1328892307356,-0.2832849817350507,-0.46079076267778873,0.8305190820246935
0.13269210327416658,-0.2829104568809271,-0.4593379031866789,0.831482513807714
0.13244594726711512,-0.28256459161639214,-0.45778850466012955,0.8324932483956218
0.1322187688201666,-0.28223489224910736,-0.4562035435810685,0.8335106428712606
0.13196620158851147,-0.28189683333039284,-0.45464650727808475,0.8345152195543051
0.1317350948229432,-0.281570409424603,-0.4530409360304475,0.8355344878509641
0.13151074666529894,-0.2812566189095378,-0.4514380535110831,0.8365424815565348
0.13136788364499807,-0.28099655266851187,-0.44977686274796724,0.837546531111002
0.13125885650515556,-0.28071955032646656,-0.44809371791779995,0.8385580889880657
0.13114525005221367,-0.28049841336905956,-0.44638991728425026,0.839557982981205
0.13098234962671995,-0.2802172778174281,-0.44471195060759783,0.8405668064951897
0.13078657910227776,-0.2799138091504574,-0.4430667804554105,0.8415666418150067
0.13060043659061193,-0.27955734729766846,-0.4414244806393981,0.8425765046849847
0.13020036183297634,-0.27864162158221006,-0.4382015988230705,0.8446216434240341
0.1298688193783164,-0.2782322783023119,-0.4365793038159609,0.8456471683457494
0.12953042890876532,-0.2777565326541662,-0.43498935271054506,0.8466742234304547
0.12927594874054193,-0.27723472006618977,-0.43344577495008707,0.8476751986891031
0.12909626122564077,-0.27669140696525574,-0.43193842470645905,0.848648976534605
0.12912090122699738,-0.2759975418448448,-0.4305530395358801,0.8495746552944183
0.1289573237299919,-0.27551819011569023,-0.428993659093976,0.8505433918908238
0.12866321578621864,-0.27516626473516226,-0.4274008749052882,0.8515032073482871
0.12837826367467642,-0.2747825728729367,-0.42588859144598246,0.8524273624643683
0.1282732868567109,-0.27442711405456066,-0.4242961136624217,0.8533513220027089
0.12832797970622778,-0.2740788133814931,-0.42266251519322395,0.8542652260512114
0.128353632055223,-0.2737019285559654,-0.42091809771955013,0.8552429461851716
0.12832053191959858,-0.2734068315476179,-0.4193241782486439,0.8561248295009136
0.1282239407300949,-0.27306993771344423,-0.41770879551768303,0.8570360224694014
0.12803081050515175,-0.27277067862451077,-0.41597685776650906,0.8580020302906632
0.12779990583658218,-0.2724464265629649,-0.41432706359773874,0.8589372420683503
0.12759745959192514,-0.2720917137339711,-0.4126415988430381,0.8598906202241778
0.12739281449466944,-0.27171335369348526,-0.4110006866976619,0.8608259679749608
0.1272079087793827,-0.2713884003460407,-0.4093847880139947,0.8617253452539444
0.12700460571795702,-0.2710461439564824,-0.40773873776197433,0.8626429932191968
0.12677009403705597,-0.27073206659406424,-0.40608739480376244,0.8635545819997787
0.12655043974518776,-0.2703852429986,-0.4044337244704366,0.8644710332155228
0.1263938033953309,-0.27004404552280903,-0.40276711340993643,0.86537822522223
0.12624143064022064,-0.2697214614599943,-0.40109084639698267,0.8662791512906551
0.1261063627898693,-0.2693941071629524,-0.39942258317023516,0.8671710332855582
0.12588642537593842,-0.2690103445202112,-0.39777269680052996,0.8680800227448344
0.12565528880804777,-0.2686459058895707,-0.39614860340952873,0.8689685901626945
0.1254298323765397,-0.2682620156556368,-0.3945742957293987,0.8698352770879865
0.12527849432080984,-0.26787637546658516,-0.39298672787845135,0.8706944026052952
0.1251388480886817,-0.26748807914555073,-0.39139409456402063,0.8715509176254272
0.1250155745074153,-0.26703104842454195,-0.3898036293685436,0.8724211463704705
0.1248050769791007,-0.2665233416482806,-0.38823964539915323,0.8733034217730165
0.12458243127912283,-0.2660212265327573,-0.3866918310523033,0.8741743760183454
0.12432560883462429,-0.2655199971050024,-0.38510782457888126,0.8750624200329185
0.12410634104162455,-0.2650407925248146,-0.38348893355578184,0.8759493324905634
0.12384020071476698,-0.26462263148278,-0.3818974019959569,0.8768083266913891
0.12355932407081127,-0.2641884218901396,-0.38025349006056786,0.8776929154992104
0.12328178435564041,-0.2637897673994303,-0.37858416233211756,0.8785730414092541
0.12301108054816723,-0.2634422294795513,-0.3768710969015956,0.8794513270258904
0.12277387827634811,-0.26312276534736156,-0.37513524014502764,0.8803218323737383
0.12253367621451616,-0.2628591489046812,-0.37336822133511305,0.8811848405748606
0.12229583691805601,-0.26255276892334223,-0.3716129017993808,0.8820507936179638
0.12204976100474596,-0.26222013868391514,-0.369858093559742,0.8829209571704268
0.12184178829193115,-0.2618656372651458,-0.3681336445733905,0.8837751680985093
0.1216893931850791,-0.2615024605765939,-0.3663907051086426,0.8846275825053453
0.12138587515801191,-0.26064623799175024,-0.36289582308381796,0.8863608539104462
0.12125070299953222,-0.260164731182158,-0.36116120871156454,0.8872288791462779
0.12110576592385769,-0.25969293527305126,-0.35942864790558815,0.8880900461226702
0.12095790822058916,-0.2592746848240495,-0.35772480349987745,0.8889199532568455
0.12080677319318056,-0.25887570437043905,-0.3560549598187208,0.8897268334403634
0.12063937354832888,-0.2584665650501847,-0.3543808329850435,0.8905365020036697
0.12044560629874468,-0.25809958949685097,-0.35270319879055023,0.8913348102942109
0.1202444601804018,-0.2577246418222785,-0.3510065684095025,0.892139826901257
0.12001725286245346,-0.25742098316550255,-0.3493395848199725,0.8929120413959026
0.11978116072714329,-0.2570723323151469,-0.3476567082107067,0.8937006313353777
0.11950697563588619,-0.2567124152556062,-0.3460020096972585,0.8944825772196054
0.11923445761203766,-0.2563567031174898,-0.34428941551595926,0.8952813884243369
0.11897473875433207,-0.2559914467856288,-0.3425807598978281,0.89607550855726
0.11879067216068506,-0.25558234192430973,-0.34087246377021074,0.896867798641324
0.11853258684277534,-0.2551459092646837,-0.3391862874850631,0.8976654466241598
0.1182484207674861,-0.254722916521132,-0.33749554120004177,0.8984599644318223
0.11797235999256372,-0.25427843537181616,-0.33581028785556555,0.8992532743141055
0.11773779336363077,-0.2538953283801675,-0.3341682879254222,0.9000036278739572
0.11750054266303778,-0.2534693544730544,-0.3324727201834321,0.9007823271676898
0.11726690921932459,-0.2530502090230584,-0.3307902282103896,0.9015497155487537
0.11702552903443575,-0.2526450240984559,-0.32908889185637236,0.9023170284926891
0.11684761755168438,-0.25224431324750185,-0.3273434769362211,0.9030867563560605
0.11664321646094322,-0.25185203179717064,-0.3255381165072322,0.9038749085739255
0.11644675210118294,-0.2514041056856513,-0.32374317664653063,0.9046692689880729
0.11625922657549381,-0.2509253351017833,-0.3219485152512789,0.9054664121940732
0.11608162149786949,-0.25045633129775524,-0.3201464740559459,0.906257645227015
0.1159111401066184,-0.24996211472898722,-0.3183542974293232,0.9070469066500664
0.11577265709638596,-0.24945451878011227,-0.3165523624047637,0.9078346425667405
0.11564480885863304,-0.24893653020262718,-0.3147350065410137,0.9086246518418193
0.11550094746053219,-0.24842088762670755,-0.31293614860624075,0.9094050591811538
0.11527679860591888,-0.24788225255906582,-0.3111485652625561,0.9101935066282749
0.11506701819598675,-0.24739550333470106,-0.3093644818291068,0.9109602980315685
0.1148698627948761,-0.2469366854056716,-0.30763704143464565,0.9116943785920739
0.11464713234454393,-0.24645591620355844,-0.3058640658855438,0.9124487331137061
0.11447286326438189,-0.246004699729383,-0.30415382236242294,0.9131637876853347
0.11425214167684317,-0.24560858216136694,-0.3024032721295953,0.9138791672885418
0.11402294039726257,-0.2452092058956623,-0.30063298251479864,0.9145988319069147
0.11382402200251818,-0.2448404310271144,-0.2988787293434143,0.9152970891445875
0.11363266035914421,-0.244456029497087,-0.2971047284081578,0.9160008998587728
0.11345380265265703,-0.24413349572569132,-0.2953525995835662,0.9166754670441151
0.11329162679612637,-0.24382307287305593,-0.29360006749629974,0.9173408942297101
0.11316660419106483,-0.2434886209666729,-0.2917662523686886,0.918029990978539
0.11307336017489433,-0.24318084958940744,-0.289977272041142,0.9186896486207843
0.11291051469743252,-0.2428238159045577,-0.2882203599438071,0.9193567493930459
0.11271398235112429,-0.2424512906000018,-0.28643110021948814,0.9200381254777312
0.11241223011165857,-0.24163665529340506,-0.28286602813750505,0.9213913530111313
0.11228967364877462,-0.24116762448102236,-0.2810402140021324,0.9220876321196556
0.11219164542853832,-0.2407025033608079,-0.27921921759843826,0.9227740596979856
0.11207433324307203,-0.2402258636429906,-0.277404242195189,0.9234596695750952
0.11194529198110104,-0.23971387557685375,-0.27559670619666576,0.9241493176668882
0.1117937108501792,-0.23926929663866758,-0.27383385691791773,0.9248066740110517
0.11165033653378487,-0.23881613183766603,-0.27208837401121855,0.9254560871049762
0.11152908485382795,-0.23838134296238422,-0.27034022379666567,0.9260948961600661
0.11138774454593658,-0.23800639435648918,-0.2685413034632802,0.9267315082252026
0.1112426407635212,-0.2376258810982108,-0.26671413891017437,0.9273740220814943
0.11100646667182446,-0.23724380880594254,-0.2648863261565566,0.9280237965285778
0.11077974736690521,-0.23684480600059032,-0.26307578198611736,0.9286675993353128
0.11056555993855,-0.2364620277658105,-0.2612415459007025,0.9293082430958748
0.11035067494958639,-0.23609844781458378,-0.25937363039702177,0.9299492249265313
0.11015174817293882,-0.23572301398962736,-0.25753310695290565,0.9305793568491936
0.10996053647249937,-0.23532630875706673,-0.2557099349796772,0.9312049308791757
0.1097945449873805,-0.23494160268455744,-0.2538757249712944,0.9318233216181397
0.1096313139423728,-0.2345110047608614,-0.2520345402881503,0.9324506083503366
0.10947711113840342,-0.2340865544974804,-0.250255661085248,0.9330543037503958
0.10930315870791674,-0.2335734087973833,-0.24846861138939857,0.9336806796491146
0.10914211813360453,-0.2330700373277068,-0.24670335464179516,0.9342932030558586
0.10898267198354006,-0.23253091238439083,-0.2449265867471695,0.9349134163931012
0.1088229138404131,-0.23195407167077065,-0.24316858779639006,0.9355340162292123
0.10866764839738607,-0.23138020373880863,-0.241408484056592,0.936149806715548
0.10852188337594271,-0.23079605866223574,-0.23965671379119158,0.9367608074098825
0.10841715335845947,-0.23028808552771807,-0.23790508229285479,0.9373442586511374
0.10833671782165766,-0.22977709025144577,-0.2361246645450592,0.9379289718344808
0.108296905644238,-0.22926660906523466,-0.23427117243409157,0.9385230885818601
0.10830143373459578,-0.2287417696788907,-0.2324424870312214,0.9391051381826401
0.10824752412736416,-0.22815574891865253,-0.23066968843340874,0.9396908478811383
0.10815746895968914,-0.22756329365074635,-0.22888850793242455,0.9402802381664515
0.1080474192276597,-0.22694890666753054,-0.22718059364706278,0.9408554034307599
0.10803713463246822,-0.2262877831235528,-0.22543136682361364,0.9414363913238049
0.10801113490015268,-0.22564412094652653,-0.22364603821188211,0.9420194998383522
0.10800191201269627,-0.22503131441771984,-0.2218852387741208,0.9425833644345403
0.10794773604720831,-0.2244386523962021,-0.2201339565217495,0.9431413365527987
0.10788058768957853,-0.22390921413898468,-0.21833324804902077,0.9436932746320963
0.10783216450363398,-0.22343565244227648,-0.21654593665152788,0.944222723133862
0.10776767879724503,-0.2229776093736291,-0.21473433263599873,0.9447519453242421
0.10768913570791483,-0.2225774424150586,-0.2129142228513956,0.9452670644968748
0.10760367102921009,-0.22220338694751263,-0.21109835151582956,0.9457719316706061
0.10750503093004227,-0.2218618718907237,-0.20928587671369314,0.9462660057470202
0.1074482062831521,-0.22152386419475079,-0.20745995175093412,0.9467536015436053
0.10740025900304317,-0.2211667587980628,-0.20565435383468866,0.9472363423556089
0.10738866776227951,-0.22072627395391464,-0.20386253856122494,0.9477275991812348
0.10714416578412056,-0.21979504358023405,-0.2003230405971408,0.9487259313464165
0.10702819749712944,-0.21927687712013721,-0.19855382200330496,0.9492307100445032
0.10696803219616413,-0.2187524801120162,-0.19678961392492056,0.9497257405892015
0.10689481161534786,-0.21821985952556133,-0.19503433909267187,0.9502184698358178
0.10684392973780632,-0.21766243036836386,-0.19326863903552294,0.9507126873359084
0.10682347603142262,-0.2171813566237688,-0.1915093818679452,0.9511808976531029
0.1068198662251234,-0.2167122596874833,-0.18976554926484823,0.9516376871615648
0.10681370552629232,-0.216248725540936,-0.18799210991710424,0.952095702290535
0.10682018008083105,-0.21584180742502213,-0.18624284490942955,0.9525309996679425
0.10685704927891493,-0.21545359678566456,-0.18446179199963808,0.9529612297192216
0.10690067522227764,-0.2149997316300869,-0.18268538266420364,0.9534009406343102
0.10695160832256079,-0.21460005454719067,-0.18089684471488,0.9538262123242021
0.10701289679855108,-0.21414581406861544,-0.17911895457655191,0.9542568596079946
0.1070812875404954,-0.21370310429483652,-0.17736829165369272,0.9546753456816077
0.10714003723114729,-0.21329036820679903,-0.1755919549614191,0.9550893381237984
0.10710807889699936,-0.2128167087212205,-0.17383125703781843,0.9555205637589097
0.10706207156181335,-0.2123308377340436,-0.17208647727966309,0.955949536524713
0.10700978059321642,-0.21185592841356993,-0.17033314611762762,0.9563746834173799
0.10693791229277849,-0.21135334856808186,-0.1685924930498004,0.9568022564053535
0.10686340276151896,-0.2108650365844369,-0.16687129996716976,0.9572199638932943
0.10678434930741787,-0.21038217097520828,-0.1651271190494299,0.9576374143362045
0.10675558261573315,-0.20989150740206242,-0.16338627692312002,0.9580467948690057
0.1067144675180316,-0.20947279315441847,-0.16164415888488293,0.9584384560585022
0.10665347333997488,-0.20908392872661352,-0.15990058984607458,0.95882255025208
0.10661045741289854,-0.20865608006715775,-0.15814861096441746,0.9592110300436616
0.1066160798072815,-0.20830764435231686,-0.15642804373055696,0.9595682034268975
0.10664804093539715,-0.20797705464065075,-0.15466857329010963,0.9599215108901262
0.10666163451969624,-0.20764562766999006,-0.1529379142448306,0.9602689817547798
0.10662005469202995,-0.207352414727211,-0.15126100461930037,0.9606025097891688
0.1065372433513403,-0.2070734528824687,-0.14954575337469578,0.9609403721988201
0.10645122174173594,-0.20677210483700037,-0.14785060472786427,0.9612770471721888
0.10642844717949629,-0.2064724639058113,-0.1461718436330557,0.9616006584838033
0.10639019031077623,-0.2061277125030756,-0.14449766650795937,0.9619318293407559
0.10637101531028748,-0.20576493628323078,-0.14282424375414848,0.962261482141912
0.1063444223254919,-0.20541537180542946,-0.1412038803100586,0.9625781932845712
0.10633434075862169,-0.2049804888665676,-0.13958428800106049,0.9629081776365638
0.10632593091577291,-0.204557697288692,-0.13797403499484062,0.9632310392335057
0.10634380020201206,-0.20410937070846558,-0.13639095425605774,0.963549580425024
0.10634808801114559,-0.20368523616343737,-0.1347476113587618,0.9638700196519494
0.10636980272829533,-0.20330324675887823,-0.13313574343919754,0.9641722124069929
0.10641324054449797,-0.20290557760745287,-0.13151358161121607,0.9644737709313631
0.10653042327612638,-0.202505043707788,-0.12988694943487644,0.9647654052823782
0.10668552853167057,-0.2021201467141509,-0.1283099828287959,0.9650399619713426
0.10685574542731047,-0.20170274563133717,-0.12679063994437456,0.9653092380613089
0.10703572444617748,-0.20127859711647034,-0.12533555086702108,0.9655678244307637
0.10721420589834452,-0.20083532016724348,-0.12392919044941664,0.9658218221738935
0.10757291223853827,-0.19984345976263285,-0.12113390676677227,0.9663421716541052
0.1077226409688592,-0.19933348055928946,-0.11978829558938742,0.9665985302999616
0.10786483902484179,-0.19882181659340858,-0.11842714250087738,0.9668557466939092
0.10795360803604126,-0.19830000307410955,-0.11710383649915457,0.967114151455462
0.10801247134804726,-0.1978249754756689,-0.11581844557076693,0.967359621077776
0.10808147676289082,-0.19741762802004814,-0.11452239844948053,0.9675894062966108
0.1082011116668582,-0.19705969840288162,-0.11320771835744381,0.9678036859259009
0.10832016728818417,-0.19676529429852962,-0.11190397944301367,0.9680018741637468
0.10845460183918476,-0.19651862978935242,-0.11062522511929274,0.9681838965043426
0.10861624870449305,-0.1962927021086216,-0.10936917085200548,0.9683542959392071
0.10875100642442703,-0.19605965726077557,-0.10810401011258364,0.9685284337028861
0.10917600337415934,-0.19623041432350874,-0.10856371931731701,0.968394611030817
0.10960166901350021,-0.1963460622355342,-0.1090890048071742,0.9682640498504043
0.11001076456159353,-0.19640846643596888,-0.10968701727688313,0.9681374337524176
0.11043020896613598,-0.19643093645572662,-0.110337701626122,0.9680111762136221
0.11088474094867706,-0.19646932370960712,-0.11104167811572552,0.9678709199652076
0.11135170515626669,-0.19647516962140799,-0.1117549343034625,0.967734020203352
0.11186908837407827,-0.19649965409189463,-0.11255035735666752,0.9675771836191416
0.11242527421563864,-0.19656699988991022,-0.11339354794472456,0.9674005750566721
0.11290473211556673,-0.19661495927721262,-0.1143014682456851,0.9672281285747886
0.11339173093438148,-0.1966732470318675,-0.11528068594634533,0.9670430766418576
0.11393488105386496,-0.19673415552824736,-0.11629158910363913,0.966845789924264
0.11458517890423536,-0.1968467002734542,-0.11731185205280781,0.9666227512061596
0.1153204906731844,-0.1969940010458231,-0.1183801656588912,0.9663750231266022
0.11609618179500103,-0.19716300815343857,-0.11949628498405218,0.9661102751269937
0.11693266686052084,-0.1973234312608838,-0.12059742957353592,0.965839778073132
0.11780665442347527,-0.1974645173177123,-0.12179159745573997,0.9655548483133316
0.11873603984713554,-0.19766215421259403,-0.12306878808885813,0.9652382722124457
0.11971247848123312,-0.19785123877227306,-0.12444337736815214,0.9649027707055211
0.12071146164089441,-0.19801697973161936,-0.1258601974695921,0.9645605720579624
0.12165647186338902,-0.19824601989239454,-0.1273431647568941,0.964200128801167
0.12257705722004175,-0.1985074169933796,-0.1288226628676057,0.9638331700116396
0.12343632709234953,-0.19880302250385284,-0.13036680221557617,0.9634548909962177
0.12424210831522942,-0.19912519864737988,-0.13199893850833178,0.9630624772980809
0.12499939277768135,-0.19946444127708673,-0.13374750688672066,0.9626529458910227
0.12572890613228083,-0.1998732089996338,-0.13561929110437632,0.9622111786156893
0.1264433776959777,-0.20028396509587765,-0.13762239925563335,0.9617476174607873
0.1271205572411418,-0.20066179241985083,-0.13969356566667557,0.961280869320035
0.12774068117141724,-0.2010455746203661,-0.14184621814638376,0.9608031129464507
0.1283660577610135,-0.2014519665390253,-0.14405572693794966,0.9603057587519288
0.1289611030369997,-0.20184717047959566,-0.14632368180900812,0.9597999891266227
0.1295571392402053,-0.20224114507436752,-0.14866911619901657,0.9592761630192399
0.13002009969204664,-0.20260828454047441,-0.15108309034258127,0.9587587043642998
0.13051473814994097,-0.20299048628658056,-0.15352864004671574,0.9582219338044524
0.13100135419517756,-0.20340335834771395,-0.15602181665599346,0.9576650131493807
0.13216774072498083,-0.20418235659599304,-0.1610859502106905,0.9565001679584384
0.13286801427602768,-0.20460742991417646,-0.16370009444653988,0.9558682814240456
0.13357506506145,-0.20506196469068527,-0.16638838686048985,0.955207934603095
0.13429132290184498,-0.20554011315107346,-0.16914511006325483,0.9545203167945147
0.13498082663863897,-0.20607287157326937,-0.17196674831211567,0.9538037460297346
0.13565934263169765,-0.2066373387351632,-0.17484296951442957,0.9530621636658907
0.1362920282408595,-0.20723813865333796,-0.1778502520173788,0.952284686267376
0.13691260945051908,-0.20785439666360617,-0.18098836299031973,0.951469755731523
0.1375005142763257,-0.20851232297718525,-0.18422985170036554,0.9506185231730342
0.13802754413336515,-0.20915772952139378,-0.18758329190313816,0.9497441444545984
0.13850966561585665,-0.20980049949139357,-0.19106036517769098,0.9488386306911707
0.1389338131994009,-0.21039970498532057,-0.19458101224154234,0.9479280421510339
0.139293079264462,-0.21100686211138964,-0.19813470728695393,0.9470037799328566
0.13961810432374477,-0.21160877589136362,-0.20170544553548098,0.9460673332214355
0.1399055765941739,-0.2122532743960619,-0.20529113709926605,0.9451087219640613
0.14016745146363974,-0.21296286024153233,-0.20891786459833384,0.9441150333732367
0.14042767882347107,-0.21367295552045107,-0.2125629773363471,0.9431017311289907
0.14068441465497017,-0.2143990583717823,-0.21624744310975075,0.9420604733750224
0.1408495521172881,-0.21517098136246204,-0.2199651999399066,0.9409984657540917
0.1410359125584364,-0.21590318344533443,-0.22370171081274748,0.9399213660508394
0.1412374610081315,-0.2166507625952363,-0.22747212555259466,0.9388135047629476
0.14149341452866793,-0.2173778535798192,-0.23127903137356043,0.9376760739833117
0.1417363155633211,-0.21808147057890892,-0.23511517979204655,0.9365212544798851
0.14200957864522934,-0.21879058796912432,-0.2390067195519805,0.9353286335244775
0.14242924470454454,-0.21951588243246078,-0.2429120084270835,0.934087966568768
0.14282485842704773,-0.2202923409640789,-0.24686675053089857,0.9328070608898997
0.14320384804159403,-0.2211226113140583,-0.25091114081442356,0.9314724262803793
0.143562245182693,-0.2220661761239171,-0.2550052395090461,0.9300799034535885
0.1437932476401329,-0.2230436857789755,-0.2591935507953167,0.9286514427512884
0.14399533811956644,-0.22409728728234768,-0.2634417796507478,0.9271698547527194
0.14413794968277216,-0.22523984219878912,-0.2677185535430908,0.9256445253267884
0.14429965615272522,-0.22644100803881884,-0.27203602623194456,0.9240661272779107
0.14444104582071304,-0.2276522908359766,-0.2763759847730398,0.9224571771919727
0.1445597866550088,-0.22884754743427038,-0.28074278496205807,0.9208227042108774
0.14463659841567278,-0.23005415871739388,-0.2851340314373374,0.919159185141325
0.14466993603855371,-0.23125790059566498,-0.28953318390995264,0.917475126683712
0.1447244007140398,-0.23240437358617783,-0.29394584614783525,0.9157721158117056
0.14465679321438074,-0.2334009651094675,-0.29840050730854273,0.9140870971605182
0.14458821434527636,-0.23432407807558775,-0.3028426254168153,0.9123993152752519
0.14455650839954615,-0.23521933518350124,-0.3072881093248725,0.9106860011816025
0.14468571357429028,-0.236177496612072,-0.31166637875139713,0.9089279295876622
0.14487961679697037,-0.2372281439602375,-0.3159551126882434,0.9071409599855542
0.14517744537442923,-0.2384112598374486,-0.320150064304471,0.9053105106577277
0.1455315789207816,-0.2397314915433526,-0.32425445411354303,0.9034422840923071
0.14587605465203524,-0.24119496438652277,-0.3282777154818177,0.9015422221273184
0.14658253081142902,-0.24436436500400305,-0.3362180273979902,0.8976393239572644
0.14694458432495594,-0.24595787934958935,-0.3402895610779524,0.8956082947552204
0.14738360699266195,-0.24743604566901922,-0.34442486613988876,0.8935461109504104
0.14779893029481173,-0.24875434767454863,-0.34858568478375673,0.891495636664331
0.14779893029481173,-0.24875434767454863,-0.34858568478375673,0.891495636664331
0.1485743885859847,-0.25101257022470236,-0.35710774548351765,0.8873511999845505
0.1488849874585867,-0.25184669625014067,-0.36146838311105967,0.8852947996929288
0.14918730314821005,-0.2525576036423445,-0.3658685451373458,0.8832314554601908
0.1494167074561119,-0.25324844755232334,-0.3703585360199213,0.8811210067942739
0.1495496602728963,-0.2538798050954938,-0.3749098153784871,0.8789894105866551
0.1497221365571022,-0.25457583367824554,-0.37952371686697006,0.8767759082838893
0.14987297169864178,-0.255414099432528,-0.3841748172417283,0.8744777105748653
0.1500048255547881,-0.2563969288021326,-0.3888553325086832,0.8720954824239016
0.15011240169405937,-0.25750392209738493,-0.3935538409277797,0.8696397002786398
0.15017912536859512,-0.258734586648643,-0.3982187081128359,0.8671357128769159
0.15025259274989367,-0.2600378720089793,-0.4028442623093724,0.8645928567275405
0.15037677809596062,-0.26141015253961086,-0.40739650651812553,0.862020586617291
0.15057187154889107,-0.26279116701334715,-0.41192164178937674,0.859412201680243
0.1507675303146243,-0.26413541845977306,-0.4164788667112589,0.8567653419449925
0.15096466708928347,-0.2654351834207773,-0.4210293758660555,0.8541006790474057
0.1510384287685156,-0.2666346589103341,-0.4256383925676346,0.8514253841713071
0.15104990173131227,-0.267699440009892,-0.4302557734772563,0.8487642677500844
0.1510125631466508,-0.2686076881363988,-0.4348568832501769,0.8461350249126554
0.15094535425305367,-0.26945052668452263,-0.43944152630865574,0.8435063306242228
0.15083321277052164,-0.27020172867923975,-0.444034481421113,0.8408766938373446
0.1506954925134778,-0.2709946511313319,-0.4486320121213794,0.8382016150280833
0.15063956007361412,-0.2718932507559657,-0.45322413370013237,0.8354457058012486
0.15062132757157087,-0.2728412691503763,-0.4577654553577304,0.8326592966914177
0.15068248752504587,-0.2738723084330559,-0.46228712517768145,0.829806737601757
0.1507878014817834,-0.2749777855351567,-0.46677699871361256,0.826903473585844
0.1509696589782834,-0.27611699514091015,-0.47124489583075047,0.8239512657746673
0.15116915944963694,-0.2772712279111147,-0.4757108949124813,0.8209552820771933
0.15137651097029448,-0.27836196310818195,-0.48018145002424717,0.8179397480562329
0.15160390082746744,-0.2792864255607128,-0.48464497458189726,0.8149444721639156
0.15174677409231663,-0.2800205126404762,-0.48915861919522285,0.8119637761265039
0.1517977137118578,-0.2805510461330414,-0.49372843839228153,0.8089998112991452
0.15174508932977915,-0.28090475406497717,-0.49840776808559895,0.8060121228918433
0.15161213371902704,-0.28117308765649796,-0.5031752847135067,0.8029757058247924
0.15145156625658274,-0.2814748175442219,-0.5079618319869041,0.7998806266114116
0.15133306477218866,-0.2818868225440383,-0.5126813743263483,0.7967407461255789
0.15127983782440424,-0.2824617251753807,-0.5172895807772875,0.7935623209923506
0.15142149291932583,-0.28324902057647705,-0.5217012092471123,0.7903602095320821
0.15165231190621853,-0.2842422788962722,-0.5259753689169884,0.7871198831126094
0.15203419979661703,-0.2854171507060528,-0.5301075736060739,0.7838421519845724
0.15249571483582258,-0.2863030796870589,-0.532563479617238,0.7817618967965245
0.15301028825342655,-0.2872615149244666,-0.5349426995962858,0.7796825719997287
0.15419763047248125,-0.2892760541290045,-0.5396820642054081,0.7754261270165443
0.15462127141654491,-0.29014059342443943,-0.5422376496717334,0.7732328176498413
0.15477457735687494,-0.2907655583694577,-0.5450015580281615,0.7710210662335157
0.15474397875368595,-0.29118836484849453,-0.5478824023157358,0.7688227826729417
0.15453521627932787,-0.2915216479450464,-0.5508670229464769,0.7666025552898645
0.15420065354555845,-0.2917332276701927,-0.5539109464734793,0.7643928965553641
0.1538835959509015,-0.2919141501188278,-0.5569351939484477,0.7621870543807745
0.15359073411673307,-0.29210862051695585,-0.5598918180912733,0.760002326220274
0.15341041143983603,-0.29236014746129513,-0.562778134830296,0.7578070340678096
0.15333951078355312,-0.29259737581014633,-0.5655428795143962,0.7556685516610742
0.1533430153504014,-0.2928641363978386,-0.5682754572480917,0.7535114204511046
0.1533831274136901,-0.2930905595421791,-0.5709552560001612,0.7513864357024431
0.1534178415313363,-0.29326967895030975,-0.5737034864723682,0.7492129942402244
0.15343724936246872,-0.29343545250594616,-0.5764695946127176,0.7470176657661796
0.15340544749051332,-0.2936249813064933,-0.5793024031445384,0.7447548620402813
0.15330300107598305,-0.2938280077651143,-0.5822414206340909,0.7424002671614289
0.15315035544335842,-0.29405899811536074,-0.5852132150903344,0.7399997981265187
0.15290678478777409,-0.2943793023005128,-0.5881317490711808,0.7376051219180226
0.15269140526652336,-0.29478131607174873,-0.5910608824342489,0.735143706202507
0.1525799622759223,-0.2952458141371608,-0.5939988810569048,0.7326080230996013
0.15255469176918268,-0.2958162687718868,-0.5968762319535017,0.7300400575622916
0.1525439638644457,-0.2964537525549531,-0.599745124578476,0.7274278094992042
0.1525290748104453,-0.29718735255301,-0.6025491924956441,0.7248095953837037
0.1524689756333828,-0.2979214061051607,-0.6052580438554287,0.7222594171762466
0.15237192809581757,-0.2986251749098301,-0.6079347897320986,0.7197367623448372
0.15219079051166773,-0.29920031130313873,-0.6106265215203166,0.7172533022239804
0.1518644941970706,-0.29960223101079464,-0.6133789336308837,0.7148019755259156
0.15141339413821697,-0.2999234115704894,-0.6161974677816033,0.7123345425352454
0.1508261477574706,-0.30007651075720787,-0.6191093772649765,0.7098654843866825
0.1500872876495123,-0.3001001914963126,-0.6219924660399556,0.7074877312406898
0.1492431564256549,-0.3000332470983267,-0.6249222718179226,0.705108841881156
0.14838106837123632,-0.29995751194655895,-0.6277979854494333,0.7027645260095596
0.1476253941655159,-0.2999091297388077,-0.6305876858532429,0.7004427975043654
0.1470088241621852,-0.2999507375061512,-0.6333686215803027,0.6980410609394312
0.14637784846127033,-0.29995725117623806,-0.6360825151205063,0.6956993313506246
0.14583691954612732,-0.2999547505751252,-0.6386808417737484,0.6934298826381564
0.14536945056170225,-0.29992367047816515,-0.641229759901762,0.6911855610087514
0.14500862546265125,-0.2999162767082453,-0.643765727058053,0.688903508707881
0.14464896824210882,-0.29986693896353245,-0.6463223351165652,0.6866029547527432
0.14427439402788877,-0.2998015424236655,-0.6489283461123705,0.6842482490465045
0.14387782663106918,-0.2996821105480194,-0.6515992404893041,0.6818416295573115
0.14347059931606054,-0.29963261634111404,-0.6543272826820612,0.6793320998549461
0.14315360132604837,-0.29975383169949055,-0.6570312604308128,0.6767307054251432
0.14299960527569056,-0.3000998720526695,-0.6596558419987559,0.6740513322874904
0.14301237277686596,-0.30073841009289026,-0.6622702367603779,0.6711943466216326
0.14338215254247189,-0.3027769010514021,-0.667127463966608,0.6653634142130613
0.14360215328633785,-0.3038360523059964,-0.6694683684036136,0.6624756436794996
0.1437720712274313,-0.30506698973476887,-0.6727976091206074,0.6584883332252502
0.14392727334052324,-0.3061252450570464,-0.6761354077607393,0.6545326225459576
0.14406951423734426,-0.3070004116743803,-0.6794804148375988,0.6506157405674458
0.14413579553365707,-0.3076540445908904,-0.6828418513759971,0.6467616353183985
0.14399269316345453,-0.30803363770246506,-0.6862109452486038,0.6430362993851304
0.14374950528144836,-0.30838207248598337,-0.6895210361108184,0.6393724298104644
0.14341403543949127,-0.3082083370536566,-0.6918322928249836,0.6370305567979813
0.14310086891055107,-0.30818477645516396,-0.6951247025281191,0.6335185673087835
0.14292309805750847,-0.3080139812082052,-0.6973273837938905,0.6312168799340725
0.14284804183989763,-0.3081123298034072,-0.700472604483366,0.6276935711503029
0.1427839733660221,-0.30819700472056866,-0.7036104528233409,0.6241470482200384
0.1428676312789321,-0.3080056495964527,-0.7057812949642539,0.62176682241261
0.1429659090936184,-0.3081673039123416,-0.7088359538465738,0.6181788602843881
0.1430488731712103,-0.3084309231489897,-0.711818321608007,0.6145908460021019
0.14317800477147102,-0.30853002797812223,-0.7138369446620345,0.612164955586195
0.14326440915465355,-0.3086613239720464,-0.7158074593171477,0.6097729131579399
0.14324804674834013,-0.30905748065561056,-0.7187092965468764,0.606152000837028
0.1431514024734497,-0.3094679042696953,-0.7216428620740771,0.6024688454344869
0.14295332599431276,-0.30990213714540005,-0.7246270347386599,0.5986990267410874
0.1426603151485324,-0.3103044219315052,-0.7276076609268785,0.5949337473139167
0.14228048268705606,-0.3106595054268837,-0.7305787866935134,0.5911864889785647
0.14177188277244568,-0.3109123706817627,-0.733556592836976,0.5874766996130347
0.14123300090432167,-0.3111008573323488,-0.7365145767107606,0.5837942371144891
0.14062249939888716,-0.31132132187485695,-0.7394311847165227,0.5801256969571114
0.14004655741155148,-0.3114394024014473,-0.7423401232808828,0.5764751248061657
0.13960137404501438,-0.3112544771283865,-0.7443187600001693,0.5741268713027239
0.13907110784202814,-0.31134369131177664,-0.7471894603222609,0.570466673001647
0.1385180428624153,-0.31145993899554014,-0.7500440971925855,0.5667797615751624
0.13814976252615452,-0.3113422645255923,-0.7520631728693843,0.564253143966198
0.13756997790187597,-0.31158318370580673,-0.7549101850017905,0.5604471666738391
0.13699677120894194,-0.311900382861495,-0.7577520329505205,0.556562565267086
0.1364562688395381,-0.31242135260254145,-0.7605560375377536,0.5525641106069088
0.13591099437326193,-0.31304941698908806,-0.7633402151986957,0.5484888134524226
0.13531404454261065,-0.31370927207171917,-0.766062474809587,0.5444491589441895
0.13458591047674417,-0.31430098693817854,-0.7687757313251495,0.5404492551460862
0.13373445067554712,-0.31484647188335657,-0.7714611710980535,0.5365020586177707
0.13275368139147758,-0.3152941260486841,-0.7741534542292356,0.5325903724879026
0.13169433269649744,-0.31573525350540876,-0.7768465681001544,0.5286560915410519
0.1305435048416257,-0.31610449217259884,-0.7795417634770274,0.5247385306283832
0.12933855410665274,-0.3164402134716511,-0.7822005562484264,0.5208639493212104
0.1280044438317418,-0.31665242835879326,-0.7848854586482048,0.5170114915817976
0.12666378170251846,-0.31687203142791986,-0.7875461801886559,0.5131465820595622
0.12538337986916304,-0.31707356963306665,-0.7901636641472578,0.5092978468164802
0.12318315263837576,-0.3177026938647032,-0.7952119903638959,0.5015264665707946
0.12222799845039845,-0.31810471881181,-0.797678692266345,0.49757249280810356
0.12129477132111788,-0.3184996861964464,-0.8001217972487211,0.4936097292229533
0.12129477132111788,-0.3184996861964464,-0.8001217972487211,0.4936097292229533
0.11957802064716816,-0.31935352459549904,-0.8049342595040798,0.4855872020125389
0.11879007611423731,-0.3198841894045472,-0.8072943333536386,0.48149592336267233
0.11807775869965553,-0.3205135213211179,-0.8095922218635678,0.47737737838178873
0.11735026258975267,-0.32119377981871367,-0.8118564635515213,0.47323625814169645
0.11658745631575584,-0.32192043773829937,-0.8140938319265842,0.4690691102296114
0.11581911612302065,-0.3226691912859678,-0.8163060452789068,0.46488166972994804
0.11497248895466328,-0.32342889439314604,-0.8185195364058018,0.4606526307761669
0.11407824046909809,-0.3241548780351877,-0.8207318689674139,0.45640877448022366
0.11300472542643547,-0.3247859599068761,-0.8229679679498076,0.4521810859441757
0.11177685670554638,-0.3253845553845167,-0.8251933054998517,0.4479808360338211
0.11043982766568661,-0.32596455328166485,-0.8274108162149787,0.443780898116529
0.10895709041506052,-0.32659114617854357,-0.8295944510027766,0.4395902641117573
0.1074258228763938,-0.3272449020296335,-0.831723683513701,0.4354378655552864
0.10589472856372595,-0.3279572194442153,-0.8337768791243434,0.4313309583812952
0.10444978065788746,-0.32875571865588427,-0.835764829069376,0.42720828484743834
0.1031769197434187,-0.32971133291721344,-0.8376347944140434,0.4230988575145602
0.10207163542509079,-0.33082236163318157,-0.839368355460465,0.41904483269900084
0.10115882009267807,-0.33207407779991627,-0.8409478412941098,0.4150907751172781
0.10039947181940079,-0.3334022890776396,-0.8423899821937084,0.4112686859443784
0.09985600039362907,-0.3347648698836565,-0.8437094977125525,0.40757270995527506
0.09948720596730709,-0.33611336909234524,-0.8449142901226878,0.4040419766679406
0.09927665907889605,-0.33752356097102165,-0.8460072055459023,0.40061674918979406
0.0991581380367279,-0.3388922354206443,-0.8470313111320138,0.3973130462691188
0.09907456859946251,-0.34023124165832996,-0.847991893067956,0.3941277265548706
0.09900512360036373,-0.34140203054994345,-0.8489107266068459,0.3911434542387724
0.09892234764993191,-0.3424532972276211,-0.8497800854966044,0.3883476536720991
0.09886778704822063,-0.3434321703389287,-0.8505751332268119,0.3857478890568018
0.09880975633859634,-0.34432792756706476,-0.8513070037588477,0.3833422530442476
0.09880846552550793,-0.3451804155483842,-0.8519565025344491,0.38112658355385065
0.0988772064447403,-0.34601701982319355,-0.8525070799514651,0.3791136834770441
0.09904627222567797,-0.34682783111929893,-0.8529705936089158,0.37728164810687304
0.09932126197963953,-0.34766688849776983,-0.8533288957551122,0.3756232112646103
0.09986594039946795,-0.34848760068416595,-0.8533545732498169,0.3746586814522743
0.10049960669130087,-0.34936792589724064,-0.8532553492113948,0.37389455921947956
0.10117924679070711,-0.350330906920135,-0.8530498361214995,0.37327860202640295
0.1018816139549017,-0.3513048803433776,-0.8527795756235719,0.37278933823108673
0.10242397896945477,-0.35235697589814663,-0.8526947973296046,0.37184042390435934
0.10291546862572432,-0.35329191014170647,-0.8523400602862239,0.37163076270371675
0.10340496152639389,-0.3542173430323601,-0.8519471613690257,0.3715147599577904
0.10377831663936377,-0.35511210560798645,-0.8514801245182753,0.37162706442177296
0.10415381006896496,-0.3559707421809435,-0.8508798219263554,0.3720754934474826
0.10496090073138475,-0.35743778198957443,-0.849735839292407,0.37305538076907396
0.10545841883867979,-0.35798354819417,-0.8488933788612485,0.374307663179934
0.10594023950397968,-0.35850244853645563,-0.8483425108715892,0.374923400580883
0.10659680515527725,-0.3588736345991492,-0.8473261436447501,0.3766764849424362
0.10736372508108616,-0.3592300917953253,-0.8462290139868855,0.37858047895133495
0.10822587367147207,-0.3596023106947541,-0.8450466124340892,0.3806172991171479
0.10915040411055088,-0.3599713519215584,-0.8438031943514943,0.3827570555731654
0.11011979542672634,-0.3603207226842642,-0.8425205573439598,0.3849697457626462
0.11109137814491987,-0.3606422245502472,-0.8412059871479869,0.3872574996203184
0.11209015361964703,-0.36095630936324596,-0.8398567140102386,0.38959855772554874
0.11305469926446676,-0.36121777538210154,-0.8385038375854492,0.3919842690229416
0.11386654525995255,-0.3614371456205845,-0.8371708942577243,0.394388759508729
0.1146366773173213,-0.36160985194146633,-0.835842383094132,0.39681766368448734
0.11533549055457115,-0.36174274515360594,-0.8345068022608757,0.39929726906120777
0.11602692306041718,-0.36180097330361605,-0.833185501396656,0.40179563220590353
0.11664211098104715,-0.3618288291618228,-0.8318716268986464,0.40430695470422506
0.1171669578179717,-0.3618543604388833,-0.8305868236348033,0.406766340136528
0.1175109725445509,-0.3619266375899315,-0.8293008282780647,0.4092192789539695
0.11794914025813341,-0.361893218010664,-0.8281211238354445,0.41150541324168444
0.11815845873206854,-0.3619305891916156,-0.8277213415130973,0.41221621725708246
0.11841428652405739,-0.3619671016931534,-0.8273286279290915,0.41289855632930994
0.11873559653759003,-0.3621726231649518,-0.8268941408023238,0.4134952863678336
0.11903523840010166,-0.3624250963330269,-0.826439525000751,0.4140964802354574
0.11948573123663664,-0.36277637258172035,-0.8259949684143066,0.4145460445433855
0.12006693240255117,-0.3631771821528673,-0.8255513748154044,0.4149107914417982
0.12076929118484259,-0.36363519448786974,-0.8251037327572703,0.4151962539181113
0.12151053175330162,-0.3641245421022177,-0.8246781351044774,0.4153967071324587
0.12231090851128101,-0.36443381011486053,-0.8235471965745091,0.4171307161450386
0.12304416298866272,-0.36471384204924107,-0.8224830571562052,0.41876671835780144
0.12369209434837103,-0.3649108335375786,-0.8214866118505597,0.4203571053221822
0.12419234681874514,-0.36502890568226576,-0.8205517753958702,0.42193002346903086
0.12456716317683458,-0.36507852002978325,-0.8197019714862108,0.42342511005699635
0.12489377520978451,-0.36510215420275927,-0.8188901813700795,0.42487739492207766
0.12517807260155678,-0.3651398569345474,-0.8180875964462757,0.42630496714264154
0.12541856337338686,-0.365174250677228,-0.8173143742606044,0.42768520023673773
0.12558928783982992,-0.36522368993610144,-0.8165481612086296,0.42905363254249096
0.12578072864562273,-0.3652470279484987,-0.8157976372167468,0.43040449917316437
0.12594465631991625,-0.3652657335624099,-0.8150470023974776,0.4317606659606099
0.1261421274393797,-0.36529122851789,-0.8143383171409369,0.43301684502512217
0.12633589375764132,-0.36531283892691135,-0.81363161560148,0.4342687716707587
0.1266454104334116,-0.3653585370630026,-0.8129097763448954,0.4354902673512697
0.1270807683467865,-0.36543881334364414,-0.812134999781847,0.43673983961343765
0.12759755086153746,-0.36557019129395485,-0.8112900266423821,0.4380476837977767
0.12817600555717945,-0.3656765120103955,-0.8104497771710157,0.43934350181370974
0.1287475787103176,-0.36577274557203054,-0.8096477137878537,0.4405733169987798
0.129278976470232,-0.36589004285633564,-0.8088537137955427,0.4417770206928253
0.13023663312196732,-0.36624740716069937,-0.807260962203145,0.4441065564751625
0.13067484740167856,-0.36638541612774134,-0.8065260434523225,0.4451977638527751
0.1310540121048689,-0.3665434718132019,-0.8057814836502075,0.44630289170891047
0.13143660873174667,-0.36670486256480217,-0.8050316423177719,0.4474103460088372
0.13185317628085613,-0.3668691497296095,-0.8042861390858889,0.4484925586730242
0.13231253437697887,-0.3669801354408264,-0.8035464501008391,0.4495910098776221
0.13277866039425135,-0.3671765774488449,-0.8027642145752907,0.4506892552599311
0.13331675063818693,-0.367359540425241,-0.8019783711060882,0.4517790451645851
0.13381531555205584,-0.3675609938800335,-0.8011805694550276,0.4528819639235735
0.13426967710256577,-0.3676604051142931,-0.8004110436886549,0.45402603689581156
0.13471986167132854,-0.36774172727018595,-0.7996242977678776,0.45521155931055546
0.13513457402586937,-0.36779798101633787,-0.7988479631021619,0.4564046710729599
0.13550247345119715,-0.3678169306367636,-0.7980655301362276,0.4576474567875266
0.13584592565894127,-0.36777008790522814,-0.7972783418372273,0.4589534755796194
0.13621270284056664,-0.36770128831267357,-0.796460690908134,0.46031752973794937
0.13658027071505785,-0.3676671292632818,-0.7956069465726614,0.46171018574386835
0.13692981470376253,-0.3675985848531127,-0.7947486126795411,0.4631372857838869
0.137230658903718,-0.3675370616838336,-0.7938657617196441,0.464608870446682
0.1375190233811736,-0.36737553123384714,-0.7930011712014675,0.46612538397312164
0.13779799547046423,-0.36725191585719585,-0.7921219309791923,0.4676329558715224
0.1381193632259965,-0.36711644008755684,-0.7912431852892041,0.4691298045217991
0.13844285625964403,-0.3670478332787752,-0.7903266111388803,0.4706307463347912
0.1388418059796095,-0.3670693440362811,-0.7893900275230408,0.4720661165192723
0.1393025852739811,-0.3671670760959387,-0.7884228257462382,0.4734686417505145
0.13976750522851944,-0.3673174539580941,-0.7874551573768258,0.4748234199360013
0.1402957821264863,-0.3675635950639844,-0.7865015603601933,0.47605604212731123
0.1408312600106001,-0.3678473113104701,-0.7855570958927274,0.4772367449477315
0.14139642659574747,-0.36817626748234034,-0.7846008576452732,0.4783876175060868
0.14190651196986437,-0.3684741510078311,-0.7836888795718551,0.47950077522546053
0.14239791966974735,-0.3687394503504038,-0.7827922441065311,0.48061443865299225
0.14285913202911615,-0.3690006686374545,-0.7818967653438449,0.481733413413167
0.14333648327738047,-0.369281779974699,-0.7810276206582785,0.48278493992984295
0.14376855548471212,-0.36953895818442106,-0.7801659163087606,0.4838517215102911
0.14415875542908907,-0.36977226473391056,-0.779322667978704,0.48491509445011616
0.14448128268122673,-0.36990545969456434,-0.7785279424861073,0.4859928572550416
0.14478265307843685,-0.3699513953179121,-0.7777688484638929,0.4870823659002781
0.14500964619219303,-0.3699466362595558,-0.777008461765945,0.4882306521758437
0.14517288003116846,-0.369898839853704,-0.7762674326077104,0.489395709708333
0.14530336298048496,-0.36984721943736076,-0.7755218995735049,0.4905765298753977
0.14543697331100702,-0.3697582436725497,-0.7747979741543531,0.49174646381288767
0.1455563036724925,-0.36966447066515684,-0.7740712547674775,0.4929247098043561
0.14568715449422598,-0.36959771532565355,-0.7733222749084234,0.4941102620214224
0.14587252028286457,-0.36954426299780607,-0.7725624414160848,0.4952827384695411
0.14605558197945356,-0.36952378042042255,-0.7717828787863255,0.4964580172672868
0.1462550051510334,-0.36954229697585106,-0.7710279924795032,0.49755721539258957
0.14670093078166246,-0.36965232249349356,-0.7695098612457514,0.4996897401288152
0.14690582267940044,-0.36974176298826933,-0.7687279870733619,0.5007656076923013
0.14716495107859373,-0.369825791567564,-0.7679489944130182,0.501821506768465
0.1473888847976923,-0.36991735361516476,-0.7671795943751931,0.5028645973652601
0.14762055687606335,-0.3700056532397866,-0.7664307383820415,0.503872599452734
0.147873654961586,-0.3701113471761346,-0.7656613904982805,0.5048894053325057
0.1481664590537548,-0.37019823025912046,-0.7648589098826051,0.5059550814330578
0.1484978273510933,-0.37027228716760874,-0.764060178771615,0.5070094866678119
0.14884059969335794,-0.3703396962955594,-0.7632457390427589,0.5080853244289756
0.14913678262382746,-0.3703899523243308,-0.7624135548248887,0.5092100379988551
0.14941651467233896,-0.3704011021181941,-0.7616044832393527,0.5103294458240271
0.149627223610878,-0.3703717216849327,-0.7608179608359933,0.5114609720185399
0.14981619268655777,-0.3702704729512334,-0.7600694419816136,0.5125906281173229
0.14996466878801584,-0.37012232653796673,-0.7593120662495494,0.5137753188610077
0.1500948676839471,-0.36998638324439526,-0.7585578989237547,0.5149479163810611
0.15021718479692936,-0.36980712693184614,-0.7578111225739121,0.5161391580477357
0.15035623125731945,-0.3696081293746829,-0.7570688482373953,0.5173291424289346
0.15050384681671858,-0.3694110997021198,-0.7563183596357703,0.5185233112424612
0.15070125367492437,-0.3692061509937048,-0.7555430382490158,0.519740829244256
0.1509403344243765,-0.36901712231338024,-0.7547757718712091,0.5209191730245948
0.15119796711951494,-0.36890020314604044,-0.7539944797754288,0.5220574866980314
0.15147615782916546,-0.3688121885061264,-0.7532409904524684,0.5231256475672126
0.1516825295984745,-0.3688081745058298,-0.7524999659508467,0.5241341795772314
0.15191256161779165,-0.36881221644580364,-0.7517377911135554,0.5251574236899614
0.15211885143071413,-0.36878647189587355,-0.7510245619341731,0.526135353371501
0.1523434743285179,-0.3688157182186842,-0.7503190245479345,0.5270556975156069
0.15250417403876781,-0.3688143715262413,-0.7496317466720939,0.5279873106628656
0.15264214109629393,-0.36883242800831795,-0.7489243540912867,0.5289378520101309
0.15278693847358227,-0.36884406115859747,-0.7482504202052951,0.5298409620299935
0.1529162349179387,-0.36883029993623495,-0.7475652927532792,0.530779518187046
0.1530146924778819,-0.36879654321819544,-0.7468874929472804,0.5317279547452927
0.15311671793460846,-0.36873441096395254,-0.746224463917315,0.5326717449352145
0.1532329684123397,-0.36863480880856514,-0.7455542180687189,0.533644899725914
0.15330093260854483,-0.3684821119531989,-0.7449208442121744,0.5346144689247012
0.1533844480291009,-0.36830051988363266,-0.7443126374855638,0.5355619248002768
0.15347770415246487,-0.3680781153962016,-0.7436805553734303,0.5365652507171035
0.1536133848130703,-0.3679220210760832,-0.7430408010259271,0.5375189539045095
0.15384917426854372,-0.3677322156727314,-0.7424320243299007,0.5384218487888575
0.15403813682496548,-0.3675841586664319,-0.7417195569723845,0.5394498948007822
0.15422716084867716,-0.36745217256248,-0.7410121653228998,0.5404570363461971
0.15444442722946405,-0.3673503156751394,-0.7402987442910671,0.5414410317316651
0.15463529899716377,-0.36721770372241735,-0.7395625868812203,0.542481541633606
0.15476891212165356,-0.36708021257072687,-0.7388640008866787,0.5434874892234802
0.15485028736293316,-0.36690063402056694,-0.7381912246346474,0.5444988450035453
0.15487156249582767,-0.3666795343160629,-0.7375616887584329,0.545493938960135
0.1548602655529976,-0.3664219072088599,-0.7369522275403142,0.5464930571615696
0.15470532421022654,-0.3657480897381902,-0.7358095636591315,0.5485242428258061
0.15467668045312166,-0.3654169887304306,-0.7352389898151159,0.5495171854272485
0.1547212591394782,-0.3651620279997587,-0.7346494728699327,0.5504617504775524
0.1548392679542303,-0.36496346164494753,-0.7340134223923087,0.5514079537242651
0.1550764236599207,-0.36481955274939537,-0.7333537712693214,0.5523135056719184
0.15535054728388786,-0.36471435986459255,-0.7326909489929676,0.5531849469989538
0.15566982235759497,-0.36464445758610964,-0.7320289667695761,0.5540170492604375
0.15603655017912388,-0.36461134627461433,-0.7313659777864814,0.5548107279464602
0.1563429106026888,-0.3646220797672868,-0.7306887181475759,0.5556092234328389
0.1566680995747447,-0.3647167822346091,-0.729940427467227,0.5564384320750833
0.15699531603604555,-0.3648095028474927,-0.7291963845491409,0.5572603642940521
0.15719535574316978,-0.3648514300584793,-0.7284902557730675,0.5580994412302971
0.15737823862582445,-0.3648850806057453,-0.7277732733637094,0.5589606575667858
0.1575427893549204,-0.3648752775043249,-0.7270904183387756,0.5598087282851338
0.15763768460601568,-0.36477992217987776,-0.7264619907364249,0.5606593731790781
0.15763758681714535,-0.3645617365837097,-0.7258693166077137,0.5615682099014521
0.1576135866343975,-0.36428980715572834,-0.7252909122034907,0.5624979771673679
0.1575994249433279,-0.3640055451542139,-0.7247186293825507,0.5634228251874447
0.15763943921774626,-0.3637699671089649,-0.7241422329097986,0.5643042018637061
0.15769139491021633,-0.3635189551860094,-0.7235232433304191,0.5652446346357465
0.1578019680455327,-0.36327806673943996,-0.722920123487711,0.5661396188661456
0.1579284342005849,-0.36304819770157337,-0.722339941188693,0.5669917231425643
0.15809756983071566,-0.36286658328026533,-0.7217523977160454,0.5678084781393409
0.15825524367392063,-0.36268887110054493,-0.7211555698886514,0.5686358204111457
0.15845755860209465,-0.3625836642459035,-0.7205376103520393,0.5694293919950724
0.15864840894937515,-0.36253915913403034,-0.7198917539790273,0.5702209174633026
0.15882541239261627,-0.3624956291168928,-0.7192754158750176,0.5709765981882811
0.15898642968386412,-0.36248985677957535,-0.7186684925109148,0.5716992300003767
0.15906240604817867,-0.3624354675412178,-0.7180744791403413,0.5724584870040417
0.15911714546382427,-0.3623069925233722,-0.7175235599279404,0.5732148913666606
0.15909530594944954,-0.3621779829263687,-0.716977696865797,0.5739849898964167
0.15904153417795897,-0.36200754158198833,-0.7164709884673357,0.5747396340593696
0.1589578427374363,-0.3618771517649293,-0.7159667499363422,0.5754727954044938
0.15882260352373123,-0.3617364475503564,-0.7154566487297416,0.57623250503093
0.1587111633270979,-0.361664199270308,-0.7149457074701786,0.5769422864541411
0.15855970326811075,-0.36165814008563757,-0.7144470475614071,0.577605071477592
0.15843239519745111,-0.36166081856936216,-0.7139226933941245,0.5782862678170204
0.15824229270219803,-0.3616594783961773,-0.7134031560271978,0.5789799010381103
0.1580561539158225,-0.3616871042177081,-0.7128778053447604,0.5796601725742221
0.15785222966223955,-0.3617458660155535,-0.7123662922531366,0.5803075535222888
0.1576534379273653,-0.3618086064234376,-0.7118645589798689,0.5809378307312727
0.1574891498312354,-0.36186841409653425,-0.7113646660000086,0.5815571490675211
0.15733267925679684,-0.36191154178231955,-0.7108525661751628,0.5821984875947237
0.15715140290558338,-0.3619235409423709,-0.7103614108636975,0.5828391183167696
0.15695449989289045,-0.36187130957841873,-0.7099058777093887,0.5834792787209153
0.15665672067552805,-0.3615877628326416,-0.7089284006506205,0.5849217604845762
0.15658078901469707,-0.3613455332815647,-0.7084084302186966,0.585721212439239
0.15651360992342234,-0.3610683986917138,-0.7078543798997998,0.586579286493361
0.1564632123336196,-0.36074014101177454,-0.7072739228606224,0.5874941628426313
0.15650745667517185,-0.3604289535433054,-0.7066913461312652,0.5883737811818719
0.15658894926309586,-0.3601168980821967,-0.7060846043750644,0.5892709325999022
0.15662562754005194,-0.3597920946776867,-0.7054923241958022,0.5901683000847697
0.15671461261808872,-0.3594873361289501,-0.7048881240189075,0.5910516893491149
0.15684377402067184,-0.35922384168952703,-0.7042618468403816,0.5919235562905669
0.15694941114634275,-0.3589763268828392,-0.7036542575806379,0.5927677024155855
0.1571008786559105,-0.3587608253583312,-0.7030164934694767,0.5936141666024923
0.1571835894137621,-0.3584939418360591,-0.7024239068850875,0.5944544160738587
0.15730526857078075,-0.3582203881815076,-0.7018077131360769,0.5953143080696464
0.1575029194355011,-0.35796075128018856,-0.7011579107493162,0.5961832785978913
0.15772547759115696,-0.3577074808999896,-0.7004950493574142,0.5970550272613764
0.15799474343657494,-0.3574611088261008,-0.6998048424720764,0.5979401217773557
0.15830338187515736,-0.3572172913700342,-0.6991057749837637,0.5988213028758764
0.15867544896900654,-0.3570324005559087,-0.6983876703307033,0.5996704278513789
0.15905178431421518,-0.3569195317104459,-0.6976505890488625,0.6004953179508448
0.15945054404437542,-0.3567681862041354,-0.6969079468399286,0.6013412456959486
0.15986727084964514,-0.35663927625864744,-0.6961718192324042,0.6021591788157821
0.16028648801147938,-0.356550638563931,-0.6954092206433415,0.6029808428138494
0.16066989582031965,-0.3565154215320945,-0.6946318382397294,0.603795119561255
0.16108149848878384,-0.35645618848502636,-0.6938781999051571,0.6045864522457123
0.16145521122962236,-0.3564210459589958,-0.6930794464424253,0.6054231021553278
0.16182312555611134,-0.3563837241381407,-0.6923143621534109,0.6062216926366091
0.16216533910483122,-0.3563836067914963,-0.6915742782875896,0.6069745840504766
0.1624689232558012,-0.35640560276806355,-0.6908780625090003,0.607672936283052
0.16273803636431694,-0.3564013037830591,-0.6901905937120318,0.6083842422813177
0.16296109464019537,-0.3564099594950676,-0.6895246244966984,0.6090742275118828
0.16317708417773247,-0.35641263891011477,-0.6888732351362705,0.6097515365108848
0.16337898932397366,-0.3563744714483619,-0.6882430091500282,0.6104310797527432
0.1635311245918274,-0.356321282684803,-0.6876313406974077,0.6111103454604745
0.16356354020535946,-0.3561648912727833,-0.687063499353826,0.6118310932070017
0.1635808516293764,-0.35596088878810406,-0.686510244384408,0.6125657809898257
0.16365410014986992,-0.3557025929912925,-0.6859500370919704,0.6133233634755015
0.16371310967952013,-0.3554393798112869,-0.685385450720787,0.6140909129753709
0.1637739473953843,-0.3551886547356844,-0.6848166240379214,0.6148538896813989
0.1638491591438651,-0.3549430910497904,-0.6842504423111677,0.6156055461615324
0.16397394705563784,-0.3546712016686797,-0.6837101625278592,0.6163288885727525
0.16409272607415915,-0.3544327048584819,-0.6831604363396764,0.6170436404645443
0.1642066864296794,-0.3542143339291215,-0.6826056400313973,0.6177523052319884
0.16432260256260633,-0.35401555616408587,-0.6820663837715983,0.6184306889772415
0.16450052708387375,-0.3538535526022315,-0.6815027156844735,0.6190971564501524
0.16462901327759027,-0.3536995304748416,-0.6810001339763403,0.6197037594392896
0.16474214475601912,-0.3535615801811218,-0.6805074643343687,0.6202933387830853
0.1649848222732544,-0.35326723754405975,-0.6795144882053137,0.6214839722961187
0.1651277607306838,-0.35313832852989435,-0.678993065841496,0.6220888691022992
0.16521003562957048,-0.352976543828845,-0.678505633957684,0.6226903796195984
0.16530239302664995,-0.35280071943998337,-0.6780061200261116,0.6233092918992043
0.16533682495355606,-0.3526121461763978,-0.6775204138830304,0.6239346908405423
0.1653661523014307,-0.35237612947821617,-0.6770336227491498,0.6245883237570524
0.16538972593843937,-0.35212203208357096,-0.6765621220692992,0.6252359626814723
0.16537438333034515,-0.3518551476299763,-0.6761077847331762,0.6258814046159387
0.1654340224340558,-0.35166441462934017,-0.6756228171288967,0.6264962358400226
0.16549053974449635,-0.3515041843056679,-0.6751150563359261,0.6271182922646403
0.1655750423669815,-0.3513620840385556,-0.674646551720798,0.6276795538142323
0.16567292623221874,-0.35123964957892895,-0.6741611883044243,0.6282434901222587
0.16580836847424507,-0.3511059731245041,-0.673667149618268,0.6288121771067381
0.1659529022872448,-0.35104338731616735,-0.6731410026550293,0.6293721999973059
0.166112189181149,-0.3510209582746029,-0.6726228725165129,0.6298964200541377
0.16622441820800304,-0.35099043790251017,-0.6721157422289252,0.6304249251261353
0.16634901147335768,-0.3509601363912225,-0.6716365097090602,0.6309194788336754
0.16647449880838394,-0.3509438466280699,-0.6711514424532652,0.6314114350825548
0.16657962929457426,-0.35085600707679987,-0.6706753643229604,0.6319381669163704
0.16666729841381311,-0.35074823908507824,-0.6702300468459725,0.6324471281841397
0.1667096745222807,-0.35060121305286884,-0.6698391092941165,0.632931468077004
0.16671460960060358,-0.35037823859602213,-0.6694328123703599,0.6334832590073347
0.16672005970031023,-0.35015819501131773,-0.6690503312274814,0.634007346816361
0.16676276829093695,-0.3498661434277892,-0.6686239670962095,0.6346068484708667
0.1668542269617319,-0.34964154474437237,-0.6681541632860899,0.635201127268374
0.1669481536373496,-0.3494559358805418,-0.6676750518381596,0.6357821086421609
0.16709244344383478,-0.3492286913096905,-0.6672114366665483,0.6363555109128356
0.16722502000629902,-0.34901850763708353,-0.6667690146714449,0.6368994871154428
0.16732152178883553,-0.34880024660378695,-0.6663058679550886,0.6374781467020512
0.16739698871970177,-0.3485707128420472,-0.6658726083114743,0.6380363442003727
0.1674898210912943,-0.3483769288286567,-0.6653977865353227,0.6386129204183817
0.1675949338823557,-0.3481678878888488,-0.6649225261062384,0.6391940992325544
0.16769632697105408,-0.3479739259928465,-0.6644137874245644,0.6398018514737487
0.1677815280854702,-0.347795220091939,-0.6639041882008314,0.6404044395312667
0.16785288508981466,-0.3475459851324558,-0.6633932637050748,0.6410502213984728
0.16789897345006466,-0.34728261921554804,-0.6628763852640986,0.6417152406647801
0.16792143136262894,-0.34698066394776106,-0.6623827796429396,0.6423820601776242
0.16808221768587828,-0.34674451779574156,-0.6618406055495143,0.643026084639132
0.16821575816720724,-0.3465828085318208,-0.6612871326506138,0.6436475208029151
0.16830084938555956,-0.3464267309755087,-0.6607535928487778,0.6442569820210338
0.1682664193212986,-0.34617845341563225,-0.6602651560679078,0.6448998553678393
0.16820617206394672,-0.34591474011540413,-0.6597953960299492,0.6455375235527754
0.16816124506294727,-0.3456608410924673,-0.6593476682901382,0.6461423933506012
0.16814381629228592,-0.3453901447355747,-0.658885482698679,0.6467628460377455
0.16815841663628817,-0.3452078904956579,-0.6584064261987805,0.6473439559340477
0.16819968447089195,-0.3449092535302043,-0.6573942378163338,0.6485200598835945
0.16826529148966074,-0.34474810026586056,-0.6568838804960251,0.6491056280210614
0.1683067698031664,-0.34460021555423737,-0.6563876401633024,0.6496751625090837
0.16835023649036884,-0.34442682564258575,-0.6559034129604697,0.6502446616068482
0.16835583653301,-0.3442050814628601,-0.6554529685527086,0.650814589112997
0.16833868715912104,-0.3439537212252617,-0.6550266779959202,0.6513808537274599
0.16831539943814278,-0.3436742192134261,-0.6546062771230936,0.6519567556679249
0.16833123844116926,-0.34337428119033575,-0.6542154625058174,0.6525027696043253
0.16835175175219774,-0.34305477887392044,-0.6537896553054452,0.6530920621007681
0.16838945727795362,-0.34270640183240175,-0.6533719217404723,0.6536830337718129
0.1685119103640318,-0.34245767816901207,-0.6529437499120831,0.6542094852775335
0.16863041371107101,-0.3422414790838957,-0.6525420593097806,0.6546927355229855
0.16875841096043587,-0.34207597002387047,-0.6521329442039132,0.6551537727937102
0.16890159528702497,-0.3419615915045142,-0.6516948193311691,0.6556124240159988
0.16903643030673265,-0.34183770697563887,-0.6512776827439666,0.6560566751286387
0.1692009000107646,-0.34172581508755684,-0.6508653294295073,0.6564816934987903
0.16934094578027725,-0.34169791638851166,-0.6504377089440823,0.6568838395178318
0.1694739516824484,-0.3417131183668971,-0.6499691121280193,0.6573053561151028
0.16960286907851696,-0.34172904305160046,-0.6494584186002612,0.6577684851363301
0.16973069682717323,-0.3417370682582259,-0.6489520911127329,0.6582309426739812
0.16983197443187237,-0.34174077585339546,-0.6484792632982135,0.6586687620729208
0.16989440377801657,-0.34170694928616285,-0.6480244975537062,0.6591176446527243
0.1699321297928691,-0.34164197463542223,-0.6476020999252796,0.6595566142350435
0.1699453117325902,-0.34151438530534506,-0.6472136545926332,0.6600004388019443
0.1699452782049775,-0.3413880495354533,-0.6468412978574634,0.6604307042434812
0.16996833961457014,-0.3412334192544222,-0.6465452406555414,0.6607944862917066
0.1699793366715312,-0.34104588255286217,-0.6462241308763623,0.6612024586647749
0.16998194623738527,-0.34082375932484865,-0.6458847355097532,0.6616477910429239
0.17000576201826334,-0.34058639127761126,-0.6455797767266631,0.6620613988488913
0.1700083464384079,-0.340311954729259,-0.6453122282400727,0.6624625707045197
0.16997775435447693,-0.34007742814719677,-0.6450491333380342,0.6628469713032246
0.1699556950479746,-0.33981425408273935,-0.6447849357500672,0.6632445268332958
0.1698978180065751,-0.3395440950989723,-0.6445324867963791,0.6636429606005549
0.169864684343338,-0.33926008827984333,-0.6442928491160274,0.6640292648226023
0.16990028973668814,-0.33896484784781933,-0.6440193168818951,0.6644361596554518
0.16995403915643692,-0.33867521211504936,-0.6437665009871125,0.6648150105029345
0.17002380173653364,-0.3384539382532239,-0.6434651743620634,0.6652014767751098
0.17012824770063162,-0.3382796850055456,-0.6431535528972745,0.6655646935105324
0.17017381731420755,-0.338178307749331,-0.6428310051560402,0.6659160861745477
0.17022819351404905,-0.33808773662894964,-0.642512733116746,0.6662552626803517
0.17026315163820982,-0.3380108615383506,-0.6421797527000308,0.6666062790900469
0.17026743199676275,-0.3379611410200596,-0.6418275311589241,0.6669695200398564
0.17030476592481136,-0.3379578376188874,-0.6414637435227633,0.667311554774642
0.1702866330742836,-0.3379256436601281,-0.6411011023446918,0.6676808763295412
0.17026120889931917,-0.3378780111670494,-0.6407498409971595,0.6680485466495156
0.17015870474278927,-0.3378162207081914,-0.6400379044935107,0.6687879515811801
0.17007279209792614,-0.3377623539417982,-0.6396927824243903,0.669167086482048
0.16997536085546017,-0.3376714363694191,-0.6393369045108557,0.6695776917040348
0.16985334269702435,-0.33755556028336287,-0.6389629738405347,0.6700238501653075
0.16972039826214314,-0.3374017961323261,-0.6386167565360665,0.6704648938030005
0.16964688058942556,-0.3372056046500802,-0.638278117403388,0.6709045106545091
0.16953449323773384,-0.336974729783833,-0.6379521656781435,0.6713587660342455
0.16948452778160572,-0.33671076595783234,-0.6375989988446236,0.6718391384929419
0.1694718450307846,-0.33646944258362055,-0.6372247524559498,0.6723181353881955
0.1695162309333682,-0.3362293979153037,-0.6368415104225278,0.6727900085970759
0.16956176701933146,-0.33600694593042135,-0.6364604299888015,0.6732501313090324
0.16961104050278664,-0.3358091525733471,-0.636094581335783,0.6736820340156555
0.16975578479468822,-0.3356432104483247,-0.6356784198433161,0.6741209728643298
0.16987571213394403,-0.3354724505916238,-0.6353167165070772,0.6745166480541229
0.16996226459741592,-0.3353324104100466,-0.6349769299849868,0.6748843481764197
0.1700593549758196,-0.335181568749249,-0.6346351960673928,0.6752561768516898
0.17011319939047098,-0.3350136475637555,-0.6342927236109972,0.6756476247683167
0.17009535897523165,-0.33488800190389156,-0.6339580249041319,0.6760284248739481
0.1700637200847268,-0.334792728535831,-0.6336056869477034,0.6764137782156467
0.16997829172760248,-0.334679857827723,-0.633314898237586,0.6767633259296417
0.16986258048564196,-0.3345877407118678,-0.6330601163208485,0.6770762102678418
0.16974242869764566,-0.3345080744475126,-0.632782313041389,0.6774052903056145
0.1695740995928645,-0.3343987800180912,-0.6325300242751837,0.6777369184419513
0.1694075521081686,-0.3342537060379982,-0.6322694597765803,0.6780931390821934
0.1692295027896762,-0.33412991091609,-0.6320202518254519,0.678430805914104
0.16917308885604143,-0.334048418328166,-0.6317272949963808,0.6787577662616968
0.1690924884751439,-0.33396291080862284,-0.6313742827624083,0.6791482558473945
0.16903209034353495,-0.333851071074605,-0.6310280933976173,0.6795398974791169
0.16891324240714312,-0.3336837273091078,-0.6306614382192492,0.6799918441101909
0.1688058152794838,-0.3334829928353429,-0.6302872244268656,0.6804637657478452
0.16869863402098417,-0.33323789201676846,-0.6299359602853656,0.6809354992583394
0.16862090583890676,-0.3329924801364541,-0.6295590903609991,0.681423150934279
0.16858407855033875,-0.3327991599217057,-0.6291386764496565,0.6819148026406765
0.16861808858811855,-0.33264670986682177,-0.6287023993209004,0.6823829999193549
0.16865133214741945,-0.3325381651520729,-0.6282350476831198,0.6828579604625702
0.16864057909697294,-0.33236169163137674,-0.6278294399380684,0.6833194149658084
0.1686206702142954,-0.3322192821651697,-0.6274198610335588,0.683769621886313
0.16857965383678675,-0.3320933012291789,-0.6270147049799562,0.6842124257236719
0.16862046625465155,-0.3319767629727721,-0.6266381340101361,0.6846038093790412
0.1686435816809535,-0.33192212600260973,-0.6262653535231948,0.6849656356498599
0.16867647506296635,-0.33183866553008556,-0.6259026657789946,0.6853293972089887
0.16860905475914478,-0.33168168272823095,-0.6255642212927341,0.6857308577746153
0.1685422481968999,-0.3315117908641696,-0.6252612695097923,0.6861056163907051
0.1684654802083969,-0.33131748251616955,-0.6249698866158724,0.6864836812019348
0.16850858461111784,-0.33120916597545147,-0.6246742578223348,0.6867943881079555
0.16858542244881392,-0.3309145914390683,-0.6239845501258969,0.6875441195443273
0.16865781787782907,-0.33072033151984215,-0.6236341837793589,0.687937630340457
0.16860181000083685,-0.33042994420975447,-0.6233350541442633,0.6883618561550975
0.16851302236318588,-0.3300921330228448,-0.6230251723900437,0.6888260273262858
0.16837164666503668,-0.3297238368541002,-0.6227151146158576,0.6893171416595578
0.16824602521955967,-0.3293318646028638,-0.6224554218351841,0.6897695604711771
0.16811049729585648,-0.3288536351174116,-0.6221688985824585,0.690289031714201
0.16793440841138363,-0.328324175439775,-0.621928752399981,0.6908000791445374
0.16768984589725733,-0.3277274537831545,-0.6217109942808747,0.6913394769653678
0.16741244960576296,-0.32715145125985146,-0.6214880561456084,0.6918797558173537
0.16717019490897655,-0.32661477476358414,-0.6212725033983588,0.6923852916806936
0.16704100649803877,-0.32614291552454233,-0.6209953930228949,0.6928873099386692
0.16697159316390753,-0.3257158948108554,-0.6206777105107903,0.6933893738314509
0.1669427501037717,-0.32538685016334057,-0.6203392697498202,0.6938535198569298
0.16693319100886583,-0.32507588621228933,-0.62000528909266,0.6942999502643943
0.16693218983709812,-0.32486174814403057,-0.6196440448984504,0.6947227846831083
0.1669822484254837,-0.32469908986240625,-0.6193065904080868,0.6950876042246819
0.1670068120583892,-0.32460066489875317,-0.618939102627337,0.695454902946949
0.16712991148233414,-0.32458615954965353,-0.6185696246102452,0.6957607623189688
0.1672714725136757,-0.3245902555063367,-0.618199679069221,0.6960535747930408
0.16736579593271017,-0.3246217127889395,-0.6178725501522422,0.6963066477328539
0.16742318496108055,-0.32463039830327034,-0.6175524378195405,0.6965727312490344
0.1674386402592063,-0.32460408844053745,-0.6172302775084972,0.6968667535111308
0.16743306163698435,-0.32454477436840534,-0.6169328326359391,0.6971590491011739
0.167387499473989,-0.3244575737044215,-0.6166628645732999,0.697449367493391
0.16734115965664387,-0.3243400286883116,-0.6163827870041132,0.6977626699954271
0.1672478662803769,-0.324170776642859,-0.6161016933619976,0.6981118563562632
0.16723393835127354,-0.32408388145267963,-0.6157685862854123,0.69844935182482
0.16721843928098679,-0.32396576181054115,-0.6154844649136066,0.6987582221627235
0.1671925811097026,-0.32382889185100794,-0.6151853241026402,0.6990912016481161
0.16708928626030684,-0.323687294498086,-0.6149230971932411,0.6994121037423611
0.16695690341293812,-0.3235319582745433,-0.6146708074957132,0.6997372824698687
0.16682536154985428,-0.32338589802384377,-0.6144172605127096,0.7000587768852711
0.16671378072351217,-0.3232515687122941,-0.6141810258850455,0.7003546291962266
0.1666987780481577,-0.32313788309693336,-0.6139286439865828,0.7006318913772702
0.16666683461517096,-0.3230794155970216,-0.6136619551107287,0.7009000377729535
0.16667921654880047,-0.3230403307825327,-0.6133952895179391,0.7011484885588288
0.16660487558692694,-0.3229687809944153,-0.6131473099812865,0.7014159671962261
0.16654489748179913,-0.3229154134169221,-0.6128934267908335,0.7016766220331192
0.166500773280859,-0.3228643564507365,-0.6126287560909986,0.7019416699185967
0.1664934903383255,-0.3228905089199543,-0.612336665391922,0.7021861905232072
0.1665239930152893,-0.32289638463407755,-0.6120376382023096,0.7024369118735194
0.16655633877962828,-0.32292585354298353,-0.6117352703586221,0.7026790445670485
0.1665581837296486,-0.3229384599253535,-0.6114512402564287,0.7029199842363596
0.16655908431857824,-0.3229404343292117,-0.6111854547634721,0.703149976208806
0.16655552480369806,-0.3229169324040413,-0.6109347706660628,0.7033794280141592
0.1664379294961691,-0.32283850852400064,-0.6104873744770885,0.7038315702229738
0.16637549363076687,-0.3228148268535733,-0.610222989693284,0.7040864201262593
0.1663433900102973,-0.3227830994874239,-0.6099705742672086,0.7043272303417325
0.16634549852460623,-0.3227735096588731,-0.6096783056855202,0.704584133811295
0.1664026314392686,-0.32271889317780733,-0.6094028884544969,0.7048338819295168
0.16642538364976645,-0.32268999610096216,-0.6091104429215193,0.705094481818378
0.1664797067642212,-0.3226516963914037,-0.6088635167106986,0.7053124196827412
0.1665672780945897,-0.3225629795342684,-0.6085783950984478,0.7055783476680517
0.1666722996160388,-0.3224655743688345,-0.6082956213504076,0.705841863527894
0.16673360485583544,-0.3223041398450732,-0.6080375341698527,0.7061234340071678
0.16676507517695427,-0.3221708294004202,-0.6077642496675253,0.7064120499417186
0.16682467982172966,-0.322036512196064,-0.607491385191679,0.7066938718780875
0.1668170988559723,-0.32189559657126665,-0.6072008069604635,0.7070095194503665
0.16685350704938173,-0.32171212043613195,-0.6069543724879622,0.7072959840297699
0.1668887957930565,-0.32150970213115215,-0.6067039435729384,0.7075944934040308
0.1669623889029026,-0.321406913921237,-0.6064105918630958,0.7078752368688583
0.16704622842371464,-0.3213080707937479,-0.606126849539578,0.7081432938575745
0.1671315971761942,-0.32124554459005594,-0.6058252304792404,0.7084095710888505
0.16722896602004766,-0.32120885886251926,-0.6055109081789851,0.7086719153448939
0.16738047543913126,-0.3211478143930435,-0.6052084658294916,0.7089221198111773
0.16749291587620974,-0.32111778017133474,-0.6049088323488832,0.7091648606583476
0.16759675927460194,-0.32105308398604393,-0.6046168506145477,0.7094185706228018
0.1676452588289976,-0.3209768570959568,-0.6043423656374216,0.7096754405647516
0.1676550917327404,-0.3208590019494295,-0.604048334993422,0.709976676851511
0.16769402753561735,-0.32068409211933613,-0.6037672981619835,0.7102854903787374
0.16766196303069592,-0.32049463130533695,-0.6034718593582511,0.7106295609846711
0.16766356024891138,-0.32029495388269424,-0.6031891610473394,0.7109591485932469
0.16765295900404453,-0.32006771955639124,-0.6029019840061665,0.7113074855878949
0.16761734429746866,-0.3198132235556841,-0.602621435187757,0.7116679949685931
0.16757822129875422,-0.3195520583540201,-0.6023540245369077,0.7120208228006959
0.1675362978130579,-0.31928154546767473,-0.6020869323983788,0.7123778564855456
0.1675139218568802,-0.3190387040376663,-0.6018115822225809,0.7127244994044304
0.1675142077729106,-0.3187928833067417,-0.6015558652579784,0.7130502294749022
0.16749222949147224,-0.3185782693326473,-0.6012430563569069,0.713415046222508
0.16746411100029945,-0.3183614891022444,-0.6009694933891296,0.7137488378211856
0.1674267677590251,-0.3181882593780756,-0.6007118318229914,0.7140516825020313
0.16741550341248512,-0.31799827981740236,-0.6004722360521555,0.7143404223024845
0.16741538606584072,-0.3178252661600709,-0.6002308474853635,0.7146202623844147
0.1673786137253046,-0.3176561966538429,-0.6000254256650805,0.714876513928175
0.16732532065361738,-0.3174867881461978,-0.5998219288885593,0.7151349745690823
0.16728081740438938,-0.3173169745132327,-0.5995665928348899,0.7154348101466894
0.16729506384581327,-0.3172108381986618,-0.5993084525689483,0.715694785118103
0.1673273267224431,-0.31709173507988453,-0.5990321300923824,0.715971302241087
0.16733878385275602,-0.3170122457668185,-0.5987236863002181,0.7162617649883032
0.16737363394349813,-0.31687914952635765,-0.5984418345615268,0.7165480051189661
0.16740416828542948,-0.3166137831285596,-0.5978694884106517,0.717135714367032
0.16738231107592583,-0.31644525565207005,-0.5975917996838689,0.7174465861171484
0.1673661805689335,-0.31626301631331444,-0.5973307657986879,0.7177480226382613
0.16731383185833693,-0.31610951479524374,-0.5970787657424808,0.7180374683812261
0.1673120055347681,-0.3159251231700182,-0.5968704838305712,0.7182921664789319
0.16736617218703032,-0.31582113076001406,-0.5966084906831384,0.718542892485857
0.16742715425789356,-0.31572072580456734,-0.5963214915245771,0.7188109988346696
0.16750415600836277,-0.3156100334599614,-0.5960238296538591,0.7190884929150343
0.16757737006992102,-0.31548102106899023,-0.5957387508824468,0.7193642277270555
0.1676430171355605,-0.31532156094908714,-0.5954605713486671,0.7196491099894047
0.1676937360316515,-0.3151771780103445,-0.5951921455562115,0.7199225435033441
0.16770186368376017,-0.31497891526669264,-0.5949645759537816,0.7201954750344157
0.16770483553409576,-0.31480511743575335,-0.594746838323772,0.7204496907070279
0.1677274163812399,-0.3146333461627364,-0.5945210726931691,0.7207057727500796
0.16778438072651625,-0.31451328843832016,-0.594270228408277,0.7209517760202289
0.1678020916879177,-0.3144380357116461,-0.5940473694354296,0.7211641194298863
0.16785404086112976,-0.31434300914406776,-0.593773421831429,0.7214190382510424
0.1678849533200264,-0.3142760107293725,-0.5935519868507981,0.7216232381761074
0.16788788698613644,-0.31423471588641405,-0.5933116124942899,0.7218381809070706
0.1678814087063074,-0.3142133839428425,-0.5931001976132393,0.722022688947618
0.1678945068269968,-0.3142308099195361,-0.5928742587566376,0.7221976034343243
0.16789761185646057,-0.3142761504277587,-0.592653838917613,0.722358051687479
0.1679014703258872,-0.31431863456964493,-0.5924059394747019,0.7225419925525784
0.16789364535361528,-0.3143128901720047,-0.5921560181304812,0.722751141525805
0.16783764120191336,-0.3142600357532501,-0.5918929362669587,0.7230025660246611
0.1677889609709382,-0.31414284836500883,-0.5916731525212526,0.7232446298003197
0.16771560348570347,-0.31396765634417534,-0.5914425207301974,0.7235262747853994
0.1676924889907241,-0.3137965789064765,-0.5912050846964121,0.7238007215783
0.16766008269041777,-0.3136062631383538,-0.5909700840711594,0.7240825714543462
0.16767388582229614,-0.3134342869743705,-0.5907382285222411,0.7243429869413376
0.1677392814308405,-0.31331204529851675,-0.5904737850651145,0.7245954433456063
0.16786447074264288,-0.31315728183835745,-0.5902348337695003,0.7248280439525843
0.16797319613397121,-0.31303876731544733,-0.5899975765496492,0.7250472167506814
0.16812614630907774,-0.3129382850602269,-0.5897608762606978,0.7252477388828993
0.1682757157832384,-0.3128963550552726,-0.5895271748304367,0.7254211725667119
0.1684403670951724,-0.31286188401281834,-0.5892937472090125,0.7255875207483768
0.16862023063004017,-0.31284093484282494,-0.5890611074864864,0.7257437137886882
0.16875976976007223,-0.31281762570142746,-0.5888269394636154,0.7259113742038608
0.16887652780860662,-0.31280153803527355,-0.588581494987011,0.7260902132838964
0.16899527329951525,-0.31278994400054216,-0.5883481530472636,0.7262567030265927
0.1690726475790143,-0.3127603689208627,-0.5881239222362638,0.7264330461621284
0.16912116017192602,-0.31269412022084,-0.5878996215760708,0.726631817407906
0.1691659213975072,-0.312653886154294,-0.5876718908548355,0.7268229117617011
0.16918916162103415,-0.3126221466809511,-0.5874726930633187,0.726992174051702
0.16920816991478205,-0.31257134582847357,-0.5872640544548631,0.7271781424060464
0.1692221239209175,-0.31251765973865986,-0.5870550377294421,0.7273667193949223
0.16923394240438938,-0.3124214615672827,-0.5866427514702082,0.7277378411963582
0.1692218128591776,-0.3123765932396054,-0.5864380802959204,0.7279248563572764
0.1692137038335204,-0.3123097149655223,-0.5862214053049684,0.7281299345195293
0.1692064180970192,-0.31225454062223434,-0.5859806323423982,0.728349064476788
0.1692412355914712,-0.31218455638736486,-0.5857536653056741,0.7285535205155611
0.16929534636437893,-0.3121062871068716,-0.5855177417397499,0.7287641074508429
0.16931604873389006,-0.31201349571347237,-0.585309436544776,0.7289663394913077
0.1693112449720502,-0.3119154628366232,-0.5851087290793657,0.7291705049574375
0.1693029971793294,-0.3118290491402149,-0.5848916294053197,0.729383522644639
0.16933583933860064,-0.31175091583281755,-0.5846555437892675,0.7295985519886017
0.1693438794463873,-0.3117224723100662,-0.5844373991712928,0.7297835918143392
0.16938290745019913,-0.3116582063958049,-0.5842110738158226,0.7299831779673696
0.16939748730510473,-0.3115669032558799,-0.5840086936950684,0.7301806844770908
0.16940199118107557,-0.31146038696169853,-0.5837978357449174,0.7303936686366796
0.16942769195884466,-0.3113453285768628,-0.5836194455623627,0.7305793082341552
0.16951462533324957,-0.31128348875790834,-0.5834362069144845,0.7307318514212966
0.16960329469293356,-0.3112182607874274,-0.5832676319405437,0.7308736387640238
0.1696846317499876,-0.3111464325338602,-0.5830946993082762,0.7310233283787966
0.16969578247517347,-0.3110974533483386,-0.5829444583505392,0.7311613978818059
0.16973750945180655,-0.3109913608059287,-0.5827880147844553,0.7313215481117368
